{
    "base_lat": 37.900945,
    "base_lon": -97.6642031667,
    "base_alt": null,
    "last_valid_heading": 325.41006,
    "last_heading_timestamp": "2026-07-18 11:32:54"
}