{
    "base_lat": 37.900945,
    "base_lon": -97.6642031667,
    "base_alt": null,
    "last_valid_heading": 119.69368,
    "last_heading_timestamp": "2026-06-14 14:43:41"
}