{
    "base_lat": 37.900945,
    "base_lon": -97.6642031667,
    "base_alt": null,
    "last_valid_heading": 245.97804,
    "last_heading_timestamp": "2026-07-18 09:57:25"
}