{
    "base_lat": 37.900945,
    "base_lon": -97.6642031667,
    "base_alt": null,
    "last_valid_heading": 49.76853,
    "last_heading_timestamp": "2026-07-05 11:08:20"
}