{
    "base_lat": 37.900945,
    "base_lon": -97.6642031667,
    "base_alt": null,
    "last_valid_heading": 208.16936,
    "last_heading_timestamp": "2026-07-05 14:04:54"
}