2026-09-13 11:28:32,100 - INFO - Logging initialized to /home/dali/Documents/ReMow-Rover-Tests/Repeat/Logs/readRecordedRun-2026-09-13_11-28-32.log
2026-09-13 11:28:32,102 - INFO - RoboClaw opened successfully on /dev/serial/by-id/usb-Basicmicro_Inc._USB_Roboclaw_2x15A-if00
2026-09-13 11:28:32,404 - INFO - Encoders reset to zero
2026-09-13 11:28:32,404 - INFO - Starting readRecordedRun with combination: 66
2026-09-13 11:28:32,404 - INFO - Selected most recent recording: 66_20260830-114454_GPSData.csv
2026-09-13 11:28:32,408 - INFO - GREEN_LED initialized on GPIO 17
2026-09-13 11:28:32,414 - INFO - Navigation CSV initialized at /home/dali/Documents/ReMow-Rover-Tests/Repeat/2026-09-13_11-28-32_navigation_log.csv
2026-09-13 11:28:32,414 - INFO - ENU origin from first waypoint: 37.9008976667, -97.6641736667
2026-09-13 11:28:32,445 - INFO - Path model: 35 rows -> 30 points -> 29 segments, 37.2m total, leading dwell 2.0s
2026-09-13 11:28:32,445 - WARNING - guidance config: minimum_path_turn_radius (0.0) is at or below track_width/2 (0.35) -- the INNER WHEEL REVERSES and the mower PIVOTS instead of turning. Actuators saturate to full opposite lock. This is the 2026-07-05 death-spiral configuration; supervised operation only.
2026-09-13 11:28:32,445 - INFO - === GUIDANCE: gary_arrows === tangent_window=3.0m lookahead=2.0m+0.8s*v [1.5-5.0m] kappa_max=unbounded (no minimum radius) slew=0.6/m/s deadband=0.04/m
2026-09-13 11:28:32,445 - WARNING - UNVALIDATED GUIDANCE MODE 'gary_arrows' IS ACTIVE. This steering law has not been field-validated on this machine. Supervised operation only; blade disabled; operator within reach of the physical kill switch.
2026-09-13 11:28:32,459 - INFO - Actuators commanded to neutral (1100) -- Startup - ensuring neutral position
2026-09-13 11:28:32,459 - INFO - Actuators initialized to neutral (1100)
2026-09-13 11:28:32,459 - WARNING - === SKIP-ACQUIRE ENABLED (path_resume_nearest=True) ===
2026-09-13 11:28:32,459 - WARNING - ACQUIRE is BYPASSED. Repeat will start in TRACK at the nearest projection on the recorded path; the recorded start point is NOT driven to. This is a gary_arrows TRACK test.
2026-09-13 11:28:32,459 - WARNING - Refuses to start if cross-track exceeds infm (path_resume_max_cross_track). Rollback: set path_resume_nearest=False for normal ACQUIRE.
2026-09-13 11:28:32,459 - WARNING - On a LOOPED route this starts wherever the mower is parked, which may be a later leg. Park it where you intend the run to begin.
2026-09-13 11:28:32,459 - INFO - === UNIFIED PATH FOLLOWER INITIALIZED ===
2026-09-13 11:28:32,459 - INFO - First segment: heading 2.5°, length 0.33m; path ends at (3.30E, 2.61N)
2026-09-13 11:28:32,459 - INFO - Initial state: FOLLOWING_PATH (follower mode ACQUIRE)
2026-09-13 11:28:32,459 - INFO - Acquire timeout: 300.0s
2026-09-13 11:28:32,459 - INFO - === WAITING FOR GPS RTK FIX ===
2026-09-13 11:28:32,459 - INFO - Need: relPosValid=1, carrSoln=2, relPosHeadingValid=1 (timeout: 60.0s)
2026-09-13 11:28:32,524 - INFO - GPS status: relPosValid=1, carrSoln=2, headingValid=1 (0.1s)
2026-09-13 11:28:32,524 - INFO - === GPS RTK FIXED — ready to navigate (0.1s) ===
2026-09-13 11:28:32,524 - INFO - Using persisted heading from driving to work area: 66.71° (captured at 2026-09-13 11:28:14)
2026-09-13 11:28:32,727 - INFO - 2026-09-13 11:28:32 Initial Moving Baseline state: active
2026-09-13 11:28:32,727 - INFO - 2026-09-13 11:28:32 Initial carrier solution: fixed
2026-09-13 11:28:32,739 - INFO - 2026-09-13 11:28:32 [3.4 OBSERVED] current_turn_radius: infm
2026-09-13 11:28:32,739 - INFO - 2026-09-13 11:28:32 [3.4 OBSERVED] turn_direction: STRAIGHT
2026-09-13 11:28:32,739 - INFO - 2026-09-13 11:28:32 [3.4 OBSERVED] estimated left/right wheel speeds: 0.005, 0.005 m/s
2026-09-13 11:28:32,742 - INFO - 2026-09-13 11:28:32 [STATE] Current state: FOLLOWING_PATH
2026-09-13 11:28:32,742 - WARNING - 2026-09-13 11:28:32 [FOLLOW] ACQUIRE SKIPPED -> TRACK at nearest projection: progress=0.00m of 37.2m (remaining 37.2m), cross=3.92m (limit infm), heading=66.7°, target_progress=0.00m, target=(0.00,0.00), alpha=-39.3°
2026-09-13 11:28:32,742 - WARNING - 2026-09-13 11:28:32 [FOLLOW] GARY_ARROWS TRACK GUIDANCE IS NOW ACTIVE - this run evaluates it from epoch one; the recorded start point was never driven to
2026-09-13 11:28:32,742 - INFO - 2026-09-13 11:28:32 [FOLLOW] TRACK: progress=0.00m/37.2m seg=0 cross=3.92m alpha=-39.3° target=(0.00,0.00) R=2.92 LEFT v=0.75 dwell=0.0s
2026-09-13 11:28:32,742 - INFO - 2026-09-13 11:28:32 Turn: LEFT, R: 2.92m, v_L: 0.66 m/s, v_R: 0.84 m/s
2026-09-13 11:28:32,742 - INFO - 2026-09-13 11:28:32 left_actuator_position: 831 (counts) from v_L 0.660 m/s
2026-09-13 11:28:32,743 - INFO - 2026-09-13 11:28:32 right_actuator_position: 692 (counts) from v_R 0.840 m/s
2026-09-13 11:28:32,755 - INFO - Sent actuator positions to RoboClaw → M1 (left): 831, M2 (right): 692 (counts)
2026-09-13 11:28:32,755 - INFO - 2026-09-13 11:28:32 APPLY → left_pos: 831, right_pos: 692 (counts), v_L: 0.66 m/s, v_R: 0.84 m/s
2026-09-13 11:28:32,755 - INFO - 2026-09-13 11:28:32 Path tracking needs correction: heading_ok=False (alpha=39.3deg), distance_ok=False (cross=3.917m)
2026-09-13 11:28:32,917 - INFO - 2026-09-13 11:28:32 [3.4 OBSERVED] current_turn_radius: infm
2026-09-13 11:28:32,917 - INFO - 2026-09-13 11:28:32 [3.4 OBSERVED] turn_direction: RIGHT
2026-09-13 11:28:32,917 - INFO - 2026-09-13 11:28:32 [3.4 OBSERVED] estimated left/right wheel speeds: nan, nan m/s
2026-09-13 11:28:32,921 - INFO - 2026-09-13 11:28:32 [STATE] Current state: FOLLOWING_PATH
2026-09-13 11:28:32,921 - INFO - 2026-09-13 11:28:32 [FOLLOW] TRACK: progress=0.00m/37.2m seg=0 cross=3.92m alpha=-39.2° target=(0.00,0.00) R=2.94 LEFT v=0.75 dwell=0.0s
2026-09-13 11:28:32,921 - INFO - 2026-09-13 11:28:32 Turn: LEFT, R: 2.94m, v_L: 0.66 m/s, v_R: 0.84 m/s
2026-09-13 11:28:32,921 - INFO - 2026-09-13 11:28:32 left_actuator_position: 830 (counts) from v_L 0.661 m/s
2026-09-13 11:28:32,921 - INFO - 2026-09-13 11:28:32 right_actuator_position: 693 (counts) from v_R 0.839 m/s
2026-09-13 11:28:32,935 - INFO - Sent actuator positions to RoboClaw → M1 (left): 830, M2 (right): 693 (counts)
2026-09-13 11:28:32,935 - INFO - 2026-09-13 11:28:32 APPLY → left_pos: 830, right_pos: 693 (counts), v_L: 0.66 m/s, v_R: 0.84 m/s
2026-09-13 11:28:32,935 - INFO - 2026-09-13 11:28:32 Path tracking needs correction: heading_ok=False (alpha=39.2deg), distance_ok=False (cross=3.924m)
2026-09-13 11:28:33,132 - INFO - 2026-09-13 11:28:33 [3.4 OBSERVED] current_turn_radius: infm
2026-09-13 11:28:33,133 - INFO - 2026-09-13 11:28:33 [3.4 OBSERVED] turn_direction: RIGHT
2026-09-13 11:28:33,133 - INFO - 2026-09-13 11:28:33 [3.4 OBSERVED] estimated left/right wheel speeds: nan, nan m/s
2026-09-13 11:28:33,135 - INFO - 2026-09-13 11:28:33 [STATE] Current state: FOLLOWING_PATH
2026-09-13 11:28:33,135 - INFO - 2026-09-13 11:28:33 [FOLLOW] TRACK: progress=0.00m/37.2m seg=0 cross=3.93m alpha=-39.9° target=(0.00,0.00) R=2.88 LEFT v=0.75 dwell=0.0s
2026-09-13 11:28:33,135 - INFO - 2026-09-13 11:28:33 Turn: LEFT, R: 2.88m, v_L: 0.66 m/s, v_R: 0.84 m/s
2026-09-13 11:28:33,135 - INFO - 2026-09-13 11:28:33 left_actuator_position: 832 (counts) from v_L 0.659 m/s
2026-09-13 11:28:33,135 - INFO - 2026-09-13 11:28:33 right_actuator_position: 692 (counts) from v_R 0.841 m/s
2026-09-13 11:28:33,149 - INFO - Sent actuator positions to RoboClaw → M1 (left): 832, M2 (right): 692 (counts)
2026-09-13 11:28:33,149 - INFO - 2026-09-13 11:28:33 APPLY → left_pos: 832, right_pos: 692 (counts), v_L: 0.66 m/s, v_R: 0.84 m/s
2026-09-13 11:28:33,149 - INFO - 2026-09-13 11:28:33 Path tracking needs correction: heading_ok=False (alpha=39.9deg), distance_ok=False (cross=3.934m)
2026-09-13 11:28:33,323 - INFO - 2026-09-13 11:28:33 [3.4 OBSERVED] current_turn_radius: infm
2026-09-13 11:28:33,323 - INFO - 2026-09-13 11:28:33 [3.4 OBSERVED] turn_direction: RIGHT
2026-09-13 11:28:33,323 - INFO - 2026-09-13 11:28:33 [3.4 OBSERVED] estimated left/right wheel speeds: nan, nan m/s
2026-09-13 11:28:33,325 - INFO - 2026-09-13 11:28:33 [STATE] Current state: FOLLOWING_PATH
2026-09-13 11:28:33,325 - INFO - 2026-09-13 11:28:33 [FOLLOW] TRACK: progress=0.00m/37.2m seg=0 cross=3.93m alpha=-40.2° target=(0.00,0.00) R=2.86 LEFT v=0.75 dwell=0.0s
2026-09-13 11:28:33,325 - INFO - 2026-09-13 11:28:33 Turn: LEFT, R: 2.86m, v_L: 0.66 m/s, v_R: 0.84 m/s
2026-09-13 11:28:33,325 - INFO - 2026-09-13 11:28:33 left_actuator_position: 832 (counts) from v_L 0.658 m/s
2026-09-13 11:28:33,325 - INFO - 2026-09-13 11:28:33 right_actuator_position: 691 (counts) from v_R 0.842 m/s
2026-09-13 11:28:33,338 - INFO - Sent actuator positions to RoboClaw → M1 (left): 832, M2 (right): 691 (counts)
2026-09-13 11:28:33,338 - INFO - 2026-09-13 11:28:33 APPLY → left_pos: 832, right_pos: 691 (counts), v_L: 0.66 m/s, v_R: 0.84 m/s
2026-09-13 11:28:33,338 - INFO - 2026-09-13 11:28:33 Path tracking needs correction: heading_ok=False (alpha=40.2deg), distance_ok=False (cross=3.934m)
2026-09-13 11:28:33,519 - INFO - 2026-09-13 11:28:33 [3.4 OBSERVED] current_turn_radius: 1.74m
2026-09-13 11:28:33,520 - INFO - 2026-09-13 11:28:33 [3.4 OBSERVED] turn_direction: LEFT
2026-09-13 11:28:33,520 - INFO - 2026-09-13 11:28:33 [3.4 OBSERVED] estimated left/right wheel speeds: 0.141, 0.212 m/s
2026-09-13 11:28:33,521 - INFO - 2026-09-13 11:28:33 [STATE] Current state: FOLLOWING_PATH
2026-09-13 11:28:33,521 - INFO - 2026-09-13 11:28:33 [FOLLOW] TRACK: progress=0.00m/37.2m seg=0 cross=3.91m alpha=-39.6° target=(0.00,0.00) R=2.87 LEFT v=0.75 dwell=0.0s
2026-09-13 11:28:33,521 - INFO - 2026-09-13 11:28:33 Turn: LEFT, R: 2.87m, v_L: 0.66 m/s, v_R: 0.84 m/s
2026-09-13 11:28:33,521 - INFO - 2026-09-13 11:28:33 left_actuator_position: 832 (counts) from v_L 0.659 m/s
2026-09-13 11:28:33,521 - INFO - 2026-09-13 11:28:33 right_actuator_position: 691 (counts) from v_R 0.841 m/s
2026-09-13 11:28:33,535 - INFO - Sent actuator positions to RoboClaw → M1 (left): 832, M2 (right): 691 (counts)
2026-09-13 11:28:33,535 - INFO - 2026-09-13 11:28:33 APPLY → left_pos: 832, right_pos: 691 (counts), v_L: 0.66 m/s, v_R: 0.84 m/s
2026-09-13 11:28:33,535 - INFO - 2026-09-13 11:28:33 Path tracking needs correction: heading_ok=False (alpha=39.6deg), distance_ok=False (cross=3.914m)
2026-09-13 11:28:33,715 - INFO - 2026-09-13 11:28:33 [3.4 OBSERVED] current_turn_radius: 1.97m
2026-09-13 11:28:33,716 - INFO - 2026-09-13 11:28:33 [3.4 OBSERVED] turn_direction: LEFT
2026-09-13 11:28:33,716 - INFO - 2026-09-13 11:28:33 [3.4 OBSERVED] estimated left/right wheel speeds: 0.353, 0.507 m/s
2026-09-13 11:28:33,718 - INFO - 2026-09-13 11:28:33 [STATE] Current state: FOLLOWING_PATH
2026-09-13 11:28:33,718 - INFO - 2026-09-13 11:28:33 [FOLLOW] TRACK: progress=0.00m/37.2m seg=0 cross=3.84m alpha=-38.1° target=(0.00,0.00) R=2.92 LEFT v=0.75 dwell=0.0s
2026-09-13 11:28:33,718 - INFO - 2026-09-13 11:28:33 Turn: LEFT, R: 2.92m, v_L: 0.66 m/s, v_R: 0.84 m/s
2026-09-13 11:28:33,718 - INFO - 2026-09-13 11:28:33 left_actuator_position: 831 (counts) from v_L 0.660 m/s
2026-09-13 11:28:33,718 - INFO - 2026-09-13 11:28:33 right_actuator_position: 692 (counts) from v_R 0.840 m/s
2026-09-13 11:28:33,731 - INFO - Sent actuator positions to RoboClaw → M1 (left): 831, M2 (right): 692 (counts)
2026-09-13 11:28:33,731 - INFO - 2026-09-13 11:28:33 APPLY → left_pos: 831, right_pos: 692 (counts), v_L: 0.66 m/s, v_R: 0.84 m/s
2026-09-13 11:28:33,731 - INFO - 2026-09-13 11:28:33 Path tracking needs correction: heading_ok=False (alpha=38.1deg), distance_ok=False (cross=3.842m)
2026-09-13 11:28:33,931 - INFO - 2026-09-13 11:28:33 [3.4 OBSERVED] current_turn_radius: 8.38m
2026-09-13 11:28:33,931 - INFO - 2026-09-13 11:28:33 [3.4 OBSERVED] turn_direction: LEFT
2026-09-13 11:28:33,931 - INFO - 2026-09-13 11:28:33 [3.4 OBSERVED] estimated left/right wheel speeds: 0.554, 0.602 m/s
2026-09-13 11:28:33,934 - INFO - 2026-09-13 11:28:33 [STATE] Current state: FOLLOWING_PATH
2026-09-13 11:28:33,934 - INFO - 2026-09-13 11:28:33 [FOLLOW] TRACK: progress=0.00m/37.2m seg=0 cross=3.76m alpha=-38.4° target=(0.00,0.00) R=2.79 LEFT v=0.75 dwell=0.0s
2026-09-13 11:28:33,934 - INFO - 2026-09-13 11:28:33 Turn: LEFT, R: 2.79m, v_L: 0.66 m/s, v_R: 0.84 m/s
2026-09-13 11:28:33,934 - INFO - 2026-09-13 11:28:33 left_actuator_position: 834 (counts) from v_L 0.656 m/s
2026-09-13 11:28:33,934 - INFO - 2026-09-13 11:28:33 right_actuator_position: 689 (counts) from v_R 0.844 m/s
2026-09-13 11:28:33,948 - INFO - Sent actuator positions to RoboClaw → M1 (left): 834, M2 (right): 689 (counts)
2026-09-13 11:28:33,948 - INFO - 2026-09-13 11:28:33 APPLY → left_pos: 834, right_pos: 689 (counts), v_L: 0.66 m/s, v_R: 0.84 m/s
2026-09-13 11:28:33,948 - INFO - 2026-09-13 11:28:33 Path tracking needs correction: heading_ok=False (alpha=38.4deg), distance_ok=False (cross=3.765m)
2026-09-13 11:28:34,143 - INFO - 2026-09-13 11:28:34 [3.4 OBSERVED] current_turn_radius: 3.91m
2026-09-13 11:28:34,143 - INFO - 2026-09-13 11:28:34 [3.4 OBSERVED] turn_direction: LEFT
2026-09-13 11:28:34,143 - INFO - 2026-09-13 11:28:34 [3.4 OBSERVED] estimated left/right wheel speeds: 0.620, 0.741 m/s
2026-09-13 11:28:34,147 - INFO - 2026-09-13 11:28:34 [STATE] Current state: FOLLOWING_PATH
2026-09-13 11:28:34,147 - INFO - 2026-09-13 11:28:34 [FOLLOW] TRACK: progress=0.00m/37.2m seg=0 cross=3.65m alpha=-37.4° target=(0.00,0.00) R=2.74 LEFT v=0.75 dwell=0.0s
2026-09-13 11:28:34,147 - INFO - 2026-09-13 11:28:34 Turn: LEFT, R: 2.74m, v_L: 0.65 m/s, v_R: 0.85 m/s
2026-09-13 11:28:34,147 - INFO - 2026-09-13 11:28:34 left_actuator_position: 835 (counts) from v_L 0.654 m/s
2026-09-13 11:28:34,147 - INFO - 2026-09-13 11:28:34 right_actuator_position: 688 (counts) from v_R 0.846 m/s
2026-09-13 11:28:34,159 - INFO - Sent actuator positions to RoboClaw → M1 (left): 835, M2 (right): 688 (counts)
2026-09-13 11:28:34,159 - INFO - 2026-09-13 11:28:34 APPLY → left_pos: 835, right_pos: 688 (counts), v_L: 0.65 m/s, v_R: 0.85 m/s
2026-09-13 11:28:34,159 - INFO - 2026-09-13 11:28:34 Path tracking needs correction: heading_ok=False (alpha=37.4deg), distance_ok=False (cross=3.649m)
2026-09-13 11:28:34,320 - INFO - 2026-09-13 11:28:34 [3.4 OBSERVED] current_turn_radius: 1.82m
2026-09-13 11:28:34,320 - INFO - 2026-09-13 11:28:34 [3.4 OBSERVED] turn_direction: LEFT
2026-09-13 11:28:34,320 - INFO - 2026-09-13 11:28:34 [3.4 OBSERVED] estimated left/right wheel speeds: 0.494, 0.729 m/s
2026-09-13 11:28:34,321 - INFO - 2026-09-13 11:28:34 [STATE] Current state: FOLLOWING_PATH
2026-09-13 11:28:34,321 - INFO - 2026-09-13 11:28:34 [FOLLOW] TRACK: progress=0.00m/37.2m seg=0 cross=3.57m alpha=-35.5° target=(0.00,0.00) R=2.79 LEFT v=0.75 dwell=0.0s
2026-09-13 11:28:34,321 - INFO - 2026-09-13 11:28:34 Turn: LEFT, R: 2.79m, v_L: 0.66 m/s, v_R: 0.84 m/s
2026-09-13 11:28:34,321 - INFO - 2026-09-13 11:28:34 left_actuator_position: 834 (counts) from v_L 0.656 m/s
2026-09-13 11:28:34,321 - INFO - 2026-09-13 11:28:34 right_actuator_position: 689 (counts) from v_R 0.844 m/s
2026-09-13 11:28:34,334 - INFO - Sent actuator positions to RoboClaw → M1 (left): 834, M2 (right): 689 (counts)
2026-09-13 11:28:34,334 - INFO - 2026-09-13 11:28:34 APPLY → left_pos: 834, right_pos: 689 (counts), v_L: 0.66 m/s, v_R: 0.84 m/s
2026-09-13 11:28:34,334 - INFO - 2026-09-13 11:28:34 Path tracking needs correction: heading_ok=False (alpha=35.5deg), distance_ok=False (cross=3.570m)
2026-09-13 11:28:34,518 - INFO - 2026-09-13 11:28:34 [3.4 OBSERVED] current_turn_radius: 1.35m
2026-09-13 11:28:34,518 - INFO - 2026-09-13 11:28:34 [3.4 OBSERVED] turn_direction: LEFT
2026-09-13 11:28:34,518 - INFO - 2026-09-13 11:28:34 [3.4 OBSERVED] estimated left/right wheel speeds: 0.500, 0.851 m/s
2026-09-13 11:28:34,521 - INFO - 2026-09-13 11:28:34 [STATE] Current state: FOLLOWING_PATH
2026-09-13 11:28:34,521 - INFO - 2026-09-13 11:28:34 [FOLLOW] TRACK: progress=0.00m/37.2m seg=0 cross=3.44m alpha=-31.1° target=(0.00,0.00) R=3.09 LEFT v=0.75 dwell=0.0s
2026-09-13 11:28:34,521 - INFO - 2026-09-13 11:28:34 Turn: LEFT, R: 3.09m, v_L: 0.67 m/s, v_R: 0.83 m/s
2026-09-13 11:28:34,521 - INFO - 2026-09-13 11:28:34 left_actuator_position: 827 (counts) from v_L 0.665 m/s
2026-09-13 11:28:34,521 - INFO - 2026-09-13 11:28:34 right_actuator_position: 696 (counts) from v_R 0.835 m/s
2026-09-13 11:28:34,534 - INFO - Sent actuator positions to RoboClaw → M1 (left): 827, M2 (right): 696 (counts)
2026-09-13 11:28:34,534 - INFO - 2026-09-13 11:28:34 APPLY → left_pos: 827, right_pos: 696 (counts), v_L: 0.67 m/s, v_R: 0.83 m/s
2026-09-13 11:28:34,534 - INFO - 2026-09-13 11:28:34 Path tracking needs correction: heading_ok=False (alpha=31.1deg), distance_ok=False (cross=3.441m)
2026-09-13 11:28:34,729 - INFO - 2026-09-13 11:28:34 [3.4 OBSERVED] current_turn_radius: 2.52m
2026-09-13 11:28:34,730 - INFO - 2026-09-13 11:28:34 [3.4 OBSERVED] turn_direction: LEFT
2026-09-13 11:28:34,730 - INFO - 2026-09-13 11:28:34 [3.4 OBSERVED] estimated left/right wheel speeds: 0.538, 0.711 m/s
2026-09-13 11:28:34,731 - INFO - 2026-09-13 11:28:34 [STATE] Current state: FOLLOWING_PATH
2026-09-13 11:28:34,731 - INFO - 2026-09-13 11:28:34 [FOLLOW] TRACK: progress=0.00m/37.2m seg=0 cross=3.36m alpha=-29.1° target=(0.00,0.00) R=3.20 LEFT v=0.75 dwell=0.0s
2026-09-13 11:28:34,731 - INFO - 2026-09-13 11:28:34 Turn: LEFT, R: 3.20m, v_L: 0.67 m/s, v_R: 0.83 m/s
2026-09-13 11:28:34,731 - INFO - 2026-09-13 11:28:34 left_actuator_position: 825 (counts) from v_L 0.668 m/s
2026-09-13 11:28:34,731 - INFO - 2026-09-13 11:28:34 right_actuator_position: 699 (counts) from v_R 0.832 m/s
2026-09-13 11:28:34,744 - INFO - Sent actuator positions to RoboClaw → M1 (left): 825, M2 (right): 699 (counts)
2026-09-13 11:28:34,744 - INFO - 2026-09-13 11:28:34 APPLY → left_pos: 825, right_pos: 699 (counts), v_L: 0.67 m/s, v_R: 0.83 m/s
2026-09-13 11:28:34,744 - INFO - 2026-09-13 11:28:34 Path tracking needs correction: heading_ok=False (alpha=29.1deg), distance_ok=False (cross=3.359m)
2026-09-13 11:28:34,915 - INFO - 2026-09-13 11:28:34 [3.4 OBSERVED] current_turn_radius: 1.72m
2026-09-13 11:28:34,915 - INFO - 2026-09-13 11:28:34 [3.4 OBSERVED] turn_direction: LEFT
2026-09-13 11:28:34,915 - INFO - 2026-09-13 11:28:34 [3.4 OBSERVED] estimated left/right wheel speeds: 0.475, 0.718 m/s
2026-09-13 11:28:34,917 - INFO - 2026-09-13 11:28:34 [STATE] Current state: FOLLOWING_PATH
2026-09-13 11:28:34,917 - INFO - 2026-09-13 11:28:34 [FOLLOW] TRACK: progress=0.00m/37.2m seg=0 cross=3.26m alpha=-26.7° target=(0.00,0.00) R=3.37 LEFT v=0.75 dwell=0.0s
2026-09-13 11:28:34,917 - INFO - 2026-09-13 11:28:34 Turn: LEFT, R: 3.37m, v_L: 0.67 m/s, v_R: 0.83 m/s
2026-09-13 11:28:34,917 - INFO - 2026-09-13 11:28:34 left_actuator_position: 821 (counts) from v_L 0.672 m/s
2026-09-13 11:28:34,917 - INFO - 2026-09-13 11:28:34 right_actuator_position: 702 (counts) from v_R 0.828 m/s
2026-09-13 11:28:34,931 - INFO - Sent actuator positions to RoboClaw → M1 (left): 821, M2 (right): 702 (counts)
2026-09-13 11:28:34,931 - INFO - 2026-09-13 11:28:34 APPLY → left_pos: 821, right_pos: 702 (counts), v_L: 0.67 m/s, v_R: 0.83 m/s
2026-09-13 11:28:34,931 - INFO - 2026-09-13 11:28:34 Path tracking needs correction: heading_ok=False (alpha=26.7deg), distance_ok=False (cross=3.255m)
2026-09-13 11:28:35,126 - INFO - 2026-09-13 11:28:35 [3.4 OBSERVED] current_turn_radius: 1.80m
2026-09-13 11:28:35,126 - INFO - 2026-09-13 11:28:35 [3.4 OBSERVED] turn_direction: LEFT
2026-09-13 11:28:35,126 - INFO - 2026-09-13 11:28:35 [3.4 OBSERVED] estimated left/right wheel speeds: 0.524, 0.776 m/s
2026-09-13 11:28:35,127 - INFO - 2026-09-13 11:28:35 [STATE] Current state: FOLLOWING_PATH
2026-09-13 11:28:35,127 - INFO - 2026-09-13 11:28:35 [FOLLOW] TRACK: progress=0.00m/37.2m seg=0 cross=3.15m alpha=-24.2° target=(0.00,0.00) R=3.55 LEFT v=0.75 dwell=0.0s
2026-09-13 11:28:35,127 - INFO - 2026-09-13 11:28:35 Turn: LEFT, R: 3.55m, v_L: 0.68 m/s, v_R: 0.82 m/s
2026-09-13 11:28:35,127 - INFO - 2026-09-13 11:28:35 left_actuator_position: 818 (counts) from v_L 0.676 m/s
2026-09-13 11:28:35,127 - INFO - 2026-09-13 11:28:35 right_actuator_position: 705 (counts) from v_R 0.824 m/s
2026-09-13 11:28:35,141 - INFO - Sent actuator positions to RoboClaw → M1 (left): 818, M2 (right): 705 (counts)
2026-09-13 11:28:35,141 - INFO - 2026-09-13 11:28:35 APPLY → left_pos: 818, right_pos: 705 (counts), v_L: 0.68 m/s, v_R: 0.82 m/s
2026-09-13 11:28:35,141 - INFO - 2026-09-13 11:28:35 Path tracking needs correction: heading_ok=False (alpha=24.2deg), distance_ok=False (cross=3.145m)
2026-09-13 11:28:35,308 - INFO - 2026-09-13 11:28:35 [3.4 OBSERVED] current_turn_radius: 2.41m
2026-09-13 11:28:35,308 - INFO - 2026-09-13 11:28:35 [3.4 OBSERVED] turn_direction: LEFT
2026-09-13 11:28:35,309 - INFO - 2026-09-13 11:28:35 [3.4 OBSERVED] estimated left/right wheel speeds: 0.624, 0.835 m/s
2026-09-13 11:28:35,311 - INFO - 2026-09-13 11:28:35 [STATE] Current state: FOLLOWING_PATH
2026-09-13 11:28:35,311 - INFO - 2026-09-13 11:28:35 [FOLLOW] TRACK: progress=0.00m/37.2m seg=0 cross=3.03m alpha=-22.4° target=(0.00,0.00) R=3.65 LEFT v=0.75 dwell=0.0s
2026-09-13 11:28:35,311 - INFO - 2026-09-13 11:28:35 Turn: LEFT, R: 3.65m, v_L: 0.68 m/s, v_R: 0.82 m/s
2026-09-13 11:28:35,311 - INFO - 2026-09-13 11:28:35 left_actuator_position: 817 (counts) from v_L 0.678 m/s
2026-09-13 11:28:35,311 - INFO - 2026-09-13 11:28:35 right_actuator_position: 706 (counts) from v_R 0.822 m/s
2026-09-13 11:28:35,324 - INFO - Sent actuator positions to RoboClaw → M1 (left): 817, M2 (right): 706 (counts)
2026-09-13 11:28:35,324 - INFO - 2026-09-13 11:28:35 APPLY → left_pos: 817, right_pos: 706 (counts), v_L: 0.68 m/s, v_R: 0.82 m/s
2026-09-13 11:28:35,324 - INFO - 2026-09-13 11:28:35 Path tracking needs correction: heading_ok=False (alpha=22.4deg), distance_ok=False (cross=3.028m)
2026-09-13 11:28:35,509 - INFO - 2026-09-13 11:28:35 [3.4 OBSERVED] current_turn_radius: 1.35m
2026-09-13 11:28:35,509 - INFO - 2026-09-13 11:28:35 [3.4 OBSERVED] turn_direction: LEFT
2026-09-13 11:28:35,509 - INFO - 2026-09-13 11:28:35 [3.4 OBSERVED] estimated left/right wheel speeds: 0.415, 0.705 m/s
2026-09-13 11:28:35,513 - INFO - 2026-09-13 11:28:35 [STATE] Current state: FOLLOWING_PATH
2026-09-13 11:28:35,513 - INFO - 2026-09-13 11:28:35 [FOLLOW] TRACK: progress=0.00m/37.2m seg=0 cross=2.90m alpha=-18.7° target=(0.00,0.00) R=4.25 LEFT v=0.75 dwell=0.0s
2026-09-13 11:28:35,513 - INFO - 2026-09-13 11:28:35 Turn: LEFT, R: 4.25m, v_L: 0.69 m/s, v_R: 0.81 m/s
2026-09-13 11:28:35,513 - INFO - 2026-09-13 11:28:35 left_actuator_position: 809 (counts) from v_L 0.688 m/s
2026-09-13 11:28:35,513 - INFO - 2026-09-13 11:28:35 right_actuator_position: 714 (counts) from v_R 0.812 m/s
2026-09-13 11:28:35,526 - INFO - Sent actuator positions to RoboClaw → M1 (left): 809, M2 (right): 714 (counts)
2026-09-13 11:28:35,526 - INFO - 2026-09-13 11:28:35 APPLY → left_pos: 809, right_pos: 714 (counts), v_L: 0.69 m/s, v_R: 0.81 m/s
2026-09-13 11:28:35,526 - INFO - 2026-09-13 11:28:35 Path tracking needs correction: heading_ok=False (alpha=18.7deg), distance_ok=False (cross=2.899m)
2026-09-13 11:28:35,710 - INFO - 2026-09-13 11:28:35 [3.4 OBSERVED] current_turn_radius: 2.97m
2026-09-13 11:28:35,710 - INFO - 2026-09-13 11:28:35 [3.4 OBSERVED] turn_direction: LEFT
2026-09-13 11:28:35,710 - INFO - 2026-09-13 11:28:35 [3.4 OBSERVED] estimated left/right wheel speeds: 0.584, 0.739 m/s
2026-09-13 11:28:35,714 - INFO - 2026-09-13 11:28:35 [STATE] Current state: FOLLOWING_PATH
2026-09-13 11:28:35,714 - INFO - 2026-09-13 11:28:35 [FOLLOW] TRACK: progress=0.00m/37.2m seg=0 cross=2.77m alpha=-17.1° target=(0.00,0.00) R=4.45 LEFT v=0.75 dwell=0.0s
2026-09-13 11:28:35,714 - INFO - 2026-09-13 11:28:35 Turn: LEFT, R: 4.45m, v_L: 0.69 m/s, v_R: 0.81 m/s
2026-09-13 11:28:35,714 - INFO - 2026-09-13 11:28:35 left_actuator_position: 807 (counts) from v_L 0.691 m/s
2026-09-13 11:28:35,714 - INFO - 2026-09-13 11:28:35 right_actuator_position: 716 (counts) from v_R 0.809 m/s
2026-09-13 11:28:35,727 - INFO - Sent actuator positions to RoboClaw → M1 (left): 807, M2 (right): 716 (counts)
2026-09-13 11:28:35,727 - INFO - 2026-09-13 11:28:35 APPLY → left_pos: 807, right_pos: 716 (counts), v_L: 0.69 m/s, v_R: 0.81 m/s
2026-09-13 11:28:35,727 - INFO - 2026-09-13 11:28:35 Path tracking needs correction: heading_ok=False (alpha=17.1deg), distance_ok=False (cross=2.773m)
2026-09-13 11:28:35,912 - INFO - 2026-09-13 11:28:35 [3.4 OBSERVED] current_turn_radius: 1.19m
2026-09-13 11:28:35,912 - INFO - 2026-09-13 11:28:35 [3.4 OBSERVED] turn_direction: LEFT
2026-09-13 11:28:35,912 - INFO - 2026-09-13 11:28:35 [3.4 OBSERVED] estimated left/right wheel speeds: 0.522, 0.957 m/s
2026-09-13 11:28:35,914 - INFO - 2026-09-13 11:28:35 [STATE] Current state: FOLLOWING_PATH
2026-09-13 11:28:35,914 - INFO - 2026-09-13 11:28:35 [FOLLOW] TRACK: progress=0.00m/37.2m seg=0 cross=2.60m alpha=-10.0° target=(0.00,0.00) R=7.48 LEFT v=0.75 dwell=0.0s
2026-09-13 11:28:35,914 - INFO - 2026-09-13 11:28:35 Turn: LEFT, R: 7.48m, v_L: 0.71 m/s, v_R: 0.79 m/s
2026-09-13 11:28:35,914 - INFO - 2026-09-13 11:28:35 left_actuator_position: 789 (counts) from v_L 0.715 m/s
2026-09-13 11:28:35,914 - INFO - 2026-09-13 11:28:35 right_actuator_position: 735 (counts) from v_R 0.785 m/s
2026-09-13 11:28:35,927 - INFO - Sent actuator positions to RoboClaw → M1 (left): 789, M2 (right): 735 (counts)
2026-09-13 11:28:35,927 - INFO - 2026-09-13 11:28:35 APPLY → left_pos: 789, right_pos: 735 (counts), v_L: 0.71 m/s, v_R: 0.79 m/s
2026-09-13 11:28:35,927 - INFO - 2026-09-13 11:28:35 Path tracking needs correction: heading_ok=False (alpha=10.0deg), distance_ok=False (cross=2.601m)
2026-09-13 11:28:36,126 - INFO - 2026-09-13 11:28:36 [3.4 OBSERVED] current_turn_radius: 1.87m
2026-09-13 11:28:36,126 - INFO - 2026-09-13 11:28:36 [3.4 OBSERVED] turn_direction: LEFT
2026-09-13 11:28:36,126 - INFO - 2026-09-13 11:28:36 [3.4 OBSERVED] estimated left/right wheel speeds: 0.766, 1.118 m/s
2026-09-13 11:28:36,129 - INFO - 2026-09-13 11:28:36 [STATE] Current state: FOLLOWING_PATH
2026-09-13 11:28:36,129 - INFO - 2026-09-13 11:28:36 [FOLLOW] TRACK: progress=0.00m/37.2m seg=0 cross=2.42m alpha=-4.6° target=(0.00,0.00) R=13.11 LEFT v=0.75 dwell=0.0s
2026-09-13 11:28:36,129 - INFO - 2026-09-13 11:28:36 Turn: LEFT, R: 13.11m, v_L: 0.73 m/s, v_R: 0.77 m/s
2026-09-13 11:28:36,129 - INFO - 2026-09-13 11:28:36 left_actuator_position: 777 (counts) from v_L 0.730 m/s
2026-09-13 11:28:36,129 - INFO - 2026-09-13 11:28:36 right_actuator_position: 746 (counts) from v_R 0.770 m/s
2026-09-13 11:28:36,141 - INFO - Sent actuator positions to RoboClaw → M1 (left): 777, M2 (right): 746 (counts)
2026-09-13 11:28:36,141 - INFO - 2026-09-13 11:28:36 APPLY → left_pos: 777, right_pos: 746 (counts), v_L: 0.73 m/s, v_R: 0.77 m/s
2026-09-13 11:28:36,141 - INFO - 2026-09-13 11:28:36 Path tracking needs correction: heading_ok=True (alpha=4.6deg), distance_ok=False (cross=2.423m)
2026-09-13 11:28:36,308 - INFO - 2026-09-13 11:28:36 [3.4 OBSERVED] current_turn_radius: 1.21m
2026-09-13 11:28:36,308 - INFO - 2026-09-13 11:28:36 [3.4 OBSERVED] turn_direction: LEFT
2026-09-13 11:28:36,308 - INFO - 2026-09-13 11:28:36 [3.4 OBSERVED] estimated left/right wheel speeds: 0.678, 1.230 m/s
2026-09-13 11:28:36,310 - INFO - 2026-09-13 11:28:36 [STATE] Current state: FOLLOWING_PATH
2026-09-13 11:28:36,310 - INFO - 2026-09-13 11:28:36 [FOLLOW] TRACK: progress=0.00m/37.2m seg=0 cross=2.24m alpha=2.3° target=(0.00,0.00) R=57.50 LEFT v=0.75 dwell=0.0s
2026-09-13 11:28:36,310 - INFO - 2026-09-13 11:28:36 Turn: LEFT, R: 57.50m, v_L: 0.75 m/s, v_R: 0.75 m/s
2026-09-13 11:28:36,310 - INFO - 2026-09-13 11:28:36 left_actuator_position: 765 (counts) from v_L 0.745 m/s
2026-09-13 11:28:36,310 - INFO - 2026-09-13 11:28:36 right_actuator_position: 758 (counts) from v_R 0.755 m/s
2026-09-13 11:28:36,323 - INFO - Sent actuator positions to RoboClaw → M1 (left): 765, M2 (right): 758 (counts)
2026-09-13 11:28:36,323 - INFO - 2026-09-13 11:28:36 APPLY → left_pos: 765, right_pos: 758 (counts), v_L: 0.75 m/s, v_R: 0.75 m/s
2026-09-13 11:28:36,323 - INFO - 2026-09-13 11:28:36 Path tracking needs correction: heading_ok=True (alpha=2.3deg), distance_ok=False (cross=2.242m)
2026-09-13 11:28:36,510 - INFO - 2026-09-13 11:28:36 [3.4 OBSERVED] current_turn_radius: 1.86m
2026-09-13 11:28:36,511 - INFO - 2026-09-13 11:28:36 [3.4 OBSERVED] turn_direction: LEFT
2026-09-13 11:28:36,511 - INFO - 2026-09-13 11:28:36 [3.4 OBSERVED] estimated left/right wheel speeds: 0.874, 1.278 m/s
2026-09-13 11:28:36,513 - INFO - 2026-09-13 11:28:36 [STATE] Current state: FOLLOWING_PATH
2026-09-13 11:28:36,513 - INFO - 2026-09-13 11:28:36 [SPEED] tight-turn cap: R=1.00m -> 0.500 m/s
2026-09-13 11:28:36,513 - INFO - 2026-09-13 11:28:36 [FOLLOW] TRACK: progress=0.00m/37.2m seg=0 cross=2.03m alpha=8.8° target=(0.00,0.00) R=1.00 RIGHT v=0.50 dwell=0.0s
2026-09-13 11:28:36,513 - INFO - 2026-09-13 11:28:36 Turn: RIGHT, R: 1.00m, v_L: 0.68 m/s, v_R: 0.33 m/s
2026-09-13 11:28:36,513 - INFO - 2026-09-13 11:28:36 left_actuator_position: 819 (counts) from v_L 0.675 m/s
2026-09-13 11:28:36,514 - INFO - 2026-09-13 11:28:36 right_actuator_position: 1088 (counts) from v_R 0.325 m/s
2026-09-13 11:28:36,527 - INFO - Sent actuator positions to RoboClaw → M1 (left): 819, M2 (right): 1088 (counts)
2026-09-13 11:28:36,527 - INFO - 2026-09-13 11:28:36 APPLY → left_pos: 819, right_pos: 1088 (counts), v_L: 0.68 m/s, v_R: 0.33 m/s
2026-09-13 11:28:36,527 - INFO - 2026-09-13 11:28:36 Path tracking needs correction: heading_ok=True (alpha=8.8deg), distance_ok=False (cross=2.034m)
2026-09-13 11:28:36,748 - INFO - 2026-09-13 11:28:36 [3.4 OBSERVED] current_turn_radius: 2.48m
2026-09-13 11:28:36,748 - INFO - 2026-09-13 11:28:36 [3.4 OBSERVED] turn_direction: LEFT
2026-09-13 11:28:36,748 - INFO - 2026-09-13 11:28:36 [3.4 OBSERVED] estimated left/right wheel speeds: 0.891, 1.184 m/s
2026-09-13 11:28:36,750 - INFO - 2026-09-13 11:28:36 [STATE] Current state: FOLLOWING_PATH
2026-09-13 11:28:36,750 - INFO - 2026-09-13 11:28:36 [SPEED] tight-turn cap: R=1.00m -> 0.500 m/s
2026-09-13 11:28:36,750 - INFO - 2026-09-13 11:28:36 [FOLLOW] TRACK: progress=0.00m/37.2m seg=0 cross=1.84m alpha=16.6° target=(0.00,0.00) R=1.00 RIGHT v=0.50 dwell=0.0s
2026-09-13 11:28:36,750 - INFO - 2026-09-13 11:28:36 Turn: RIGHT, R: 1.00m, v_L: 0.68 m/s, v_R: 0.33 m/s
2026-09-13 11:28:36,750 - INFO - 2026-09-13 11:28:36 left_actuator_position: 819 (counts) from v_L 0.675 m/s
2026-09-13 11:28:36,750 - INFO - 2026-09-13 11:28:36 right_actuator_position: 1088 (counts) from v_R 0.325 m/s
2026-09-13 11:28:36,764 - INFO - Sent actuator positions to RoboClaw → M1 (left): 819, M2 (right): 1088 (counts)
2026-09-13 11:28:36,764 - INFO - 2026-09-13 11:28:36 APPLY → left_pos: 819, right_pos: 1088 (counts), v_L: 0.68 m/s, v_R: 0.33 m/s
2026-09-13 11:28:36,764 - INFO - 2026-09-13 11:28:36 Path tracking needs correction: heading_ok=False (alpha=16.6deg), distance_ok=False (cross=1.841m)
2026-09-13 11:28:36,909 - INFO - 2026-09-13 11:28:36 [3.4 OBSERVED] current_turn_radius: 1.68m
2026-09-13 11:28:36,910 - INFO - 2026-09-13 11:28:36 [3.4 OBSERVED] turn_direction: LEFT
2026-09-13 11:28:36,910 - INFO - 2026-09-13 11:28:36 [3.4 OBSERVED] estimated left/right wheel speeds: 0.707, 1.081 m/s
2026-09-13 11:28:36,913 - INFO - 2026-09-13 11:28:36 [STATE] Current state: FOLLOWING_PATH
2026-09-13 11:28:36,913 - INFO - 2026-09-13 11:28:36 [SPEED] tight-turn cap: R=1.00m -> 0.500 m/s
2026-09-13 11:28:36,913 - INFO - 2026-09-13 11:28:36 [FOLLOW] TRACK: progress=0.00m/37.2m seg=0 cross=1.68m alpha=22.3° target=(0.00,0.00) R=1.00 RIGHT v=0.50 dwell=0.0s
2026-09-13 11:28:36,913 - INFO - 2026-09-13 11:28:36 Turn: RIGHT, R: 1.00m, v_L: 0.68 m/s, v_R: 0.33 m/s
2026-09-13 11:28:36,913 - INFO - 2026-09-13 11:28:36 left_actuator_position: 819 (counts) from v_L 0.675 m/s
2026-09-13 11:28:36,913 - INFO - 2026-09-13 11:28:36 right_actuator_position: 1088 (counts) from v_R 0.325 m/s
2026-09-13 11:28:36,927 - INFO - Sent actuator positions to RoboClaw → M1 (left): 819, M2 (right): 1088 (counts)
2026-09-13 11:28:36,927 - INFO - 2026-09-13 11:28:36 APPLY → left_pos: 819, right_pos: 1088 (counts), v_L: 0.68 m/s, v_R: 0.33 m/s
2026-09-13 11:28:36,927 - INFO - 2026-09-13 11:28:36 Path tracking needs correction: heading_ok=False (alpha=22.3deg), distance_ok=False (cross=1.675m)
2026-09-13 11:28:37,115 - INFO - 2026-09-13 11:28:37 [3.4 OBSERVED] current_turn_radius: 2.34m
2026-09-13 11:28:37,116 - INFO - 2026-09-13 11:28:37 [3.4 OBSERVED] turn_direction: LEFT
2026-09-13 11:28:37,116 - INFO - 2026-09-13 11:28:37 [3.4 OBSERVED] estimated left/right wheel speeds: 0.609, 0.824 m/s
2026-09-13 11:28:37,117 - INFO - 2026-09-13 11:28:37 [STATE] Current state: FOLLOWING_PATH
2026-09-13 11:28:37,117 - INFO - 2026-09-13 11:28:37 [SPEED] tight-turn cap: R=1.00m -> 0.500 m/s
2026-09-13 11:28:37,117 - INFO - 2026-09-13 11:28:37 [FOLLOW] TRACK: progress=0.00m/37.2m seg=0 cross=1.51m alpha=27.4° target=(0.00,0.00) R=1.00 RIGHT v=0.50 dwell=0.0s
2026-09-13 11:28:37,117 - INFO - 2026-09-13 11:28:37 Turn: RIGHT, R: 1.00m, v_L: 0.68 m/s, v_R: 0.33 m/s
2026-09-13 11:28:37,117 - INFO - 2026-09-13 11:28:37 left_actuator_position: 819 (counts) from v_L 0.675 m/s
2026-09-13 11:28:37,118 - INFO - 2026-09-13 11:28:37 right_actuator_position: 1088 (counts) from v_R 0.325 m/s
2026-09-13 11:28:37,130 - INFO - Sent actuator positions to RoboClaw → M1 (left): 819, M2 (right): 1088 (counts)
2026-09-13 11:28:37,130 - INFO - 2026-09-13 11:28:37 APPLY → left_pos: 819, right_pos: 1088 (counts), v_L: 0.68 m/s, v_R: 0.33 m/s
2026-09-13 11:28:37,130 - INFO - 2026-09-13 11:28:37 Path tracking needs correction: heading_ok=False (alpha=27.4deg), distance_ok=False (cross=1.514m)
2026-09-13 11:28:37,302 - INFO - 2026-09-13 11:28:37 [3.4 OBSERVED] current_turn_radius: 2.26m
2026-09-13 11:28:37,302 - INFO - 2026-09-13 11:28:37 [3.4 OBSERVED] turn_direction: LEFT
2026-09-13 11:28:37,302 - INFO - 2026-09-13 11:28:37 [3.4 OBSERVED] estimated left/right wheel speeds: 0.732, 1.000 m/s
2026-09-13 11:28:37,306 - INFO - 2026-09-13 11:28:37 [STATE] Current state: FOLLOWING_PATH
2026-09-13 11:28:37,306 - INFO - 2026-09-13 11:28:37 [SPEED] tight-turn cap: R=1.00m -> 0.500 m/s
2026-09-13 11:28:37,306 - INFO - 2026-09-13 11:28:37 [FOLLOW] TRACK: progress=0.00m/37.2m seg=0 cross=1.35m alpha=34.8° target=(0.00,0.00) R=1.00 RIGHT v=0.50 dwell=0.0s
2026-09-13 11:28:37,306 - INFO - 2026-09-13 11:28:37 Turn: RIGHT, R: 1.00m, v_L: 0.68 m/s, v_R: 0.33 m/s
2026-09-13 11:28:37,306 - INFO - 2026-09-13 11:28:37 left_actuator_position: 819 (counts) from v_L 0.675 m/s
2026-09-13 11:28:37,306 - INFO - 2026-09-13 11:28:37 right_actuator_position: 1088 (counts) from v_R 0.325 m/s
2026-09-13 11:28:37,319 - INFO - Sent actuator positions to RoboClaw → M1 (left): 819, M2 (right): 1088 (counts)
2026-09-13 11:28:37,319 - INFO - 2026-09-13 11:28:37 APPLY → left_pos: 819, right_pos: 1088 (counts), v_L: 0.68 m/s, v_R: 0.33 m/s
2026-09-13 11:28:37,319 - INFO - 2026-09-13 11:28:37 Path tracking needs correction: heading_ok=False (alpha=34.8deg), distance_ok=False (cross=1.345m)
2026-09-13 11:28:37,509 - INFO - 2026-09-13 11:28:37 [3.4 OBSERVED] current_turn_radius: 1.78m
2026-09-13 11:28:37,509 - INFO - 2026-09-13 11:28:37 [3.4 OBSERVED] turn_direction: LEFT
2026-09-13 11:28:37,509 - INFO - 2026-09-13 11:28:37 [3.4 OBSERVED] estimated left/right wheel speeds: 0.472, 0.702 m/s
2026-09-13 11:28:37,510 - INFO - 2026-09-13 11:28:37 [STATE] Current state: FOLLOWING_PATH
2026-09-13 11:28:37,512 - INFO - 2026-09-13 11:28:37 [SPEED] tight-turn cap: R=1.00m -> 0.500 m/s
2026-09-13 11:28:37,512 - INFO - 2026-09-13 11:28:37 [FOLLOW] TRACK: progress=0.00m/37.2m seg=0 cross=1.25m alpha=41.6° target=(0.00,0.00) R=1.00 RIGHT v=0.50 dwell=0.0s
2026-09-13 11:28:37,512 - INFO - 2026-09-13 11:28:37 Turn: RIGHT, R: 1.00m, v_L: 0.68 m/s, v_R: 0.33 m/s
2026-09-13 11:28:37,513 - INFO - 2026-09-13 11:28:37 left_actuator_position: 819 (counts) from v_L 0.675 m/s
2026-09-13 11:28:37,513 - INFO - 2026-09-13 11:28:37 right_actuator_position: 1088 (counts) from v_R 0.325 m/s
2026-09-13 11:28:37,526 - INFO - Sent actuator positions to RoboClaw → M1 (left): 819, M2 (right): 1088 (counts)
2026-09-13 11:28:37,526 - INFO - 2026-09-13 11:28:37 APPLY → left_pos: 819, right_pos: 1088 (counts), v_L: 0.68 m/s, v_R: 0.33 m/s
2026-09-13 11:28:37,526 - INFO - 2026-09-13 11:28:37 Path tracking needs correction: heading_ok=False (alpha=41.6deg), distance_ok=False (cross=1.251m)
2026-09-13 11:28:37,708 - INFO - 2026-09-13 11:28:37 [3.4 OBSERVED] current_turn_radius: 44.81m
2026-09-13 11:28:37,708 - INFO - 2026-09-13 11:28:37 [3.4 OBSERVED] turn_direction: RIGHT
2026-09-13 11:28:37,708 - INFO - 2026-09-13 11:28:37 [3.4 OBSERVED] estimated left/right wheel speeds: 0.682, 0.672 m/s
2026-09-13 11:28:37,710 - INFO - 2026-09-13 11:28:37 [STATE] Current state: FOLLOWING_PATH
2026-09-13 11:28:37,710 - INFO - 2026-09-13 11:28:37 [SPEED] tight-turn cap: R=1.00m -> 0.500 m/s
2026-09-13 11:28:37,710 - INFO - 2026-09-13 11:28:37 [FOLLOW] TRACK: progress=0.00m/37.2m seg=0 cross=1.17m alpha=46.1° target=(0.00,0.00) R=1.00 RIGHT v=0.50 dwell=0.0s
2026-09-13 11:28:37,710 - INFO - 2026-09-13 11:28:37 Turn: RIGHT, R: 1.00m, v_L: 0.68 m/s, v_R: 0.33 m/s
2026-09-13 11:28:37,710 - INFO - 2026-09-13 11:28:37 left_actuator_position: 819 (counts) from v_L 0.675 m/s
2026-09-13 11:28:37,710 - INFO - 2026-09-13 11:28:37 right_actuator_position: 1088 (counts) from v_R 0.325 m/s
2026-09-13 11:28:37,723 - INFO - Sent actuator positions to RoboClaw → M1 (left): 819, M2 (right): 1088 (counts)
2026-09-13 11:28:37,723 - INFO - 2026-09-13 11:28:37 APPLY → left_pos: 819, right_pos: 1088 (counts), v_L: 0.68 m/s, v_R: 0.33 m/s
2026-09-13 11:28:37,723 - INFO - 2026-09-13 11:28:37 Path tracking needs correction: heading_ok=False (alpha=46.1deg), distance_ok=False (cross=1.173m)
2026-09-13 11:28:37,912 - INFO - 2026-09-13 11:28:37 [3.4 OBSERVED] current_turn_radius: 2.92m
2026-09-13 11:28:37,912 - INFO - 2026-09-13 11:28:37 [3.4 OBSERVED] turn_direction: LEFT
2026-09-13 11:28:37,913 - INFO - 2026-09-13 11:28:37 [3.4 OBSERVED] estimated left/right wheel speeds: 0.436, 0.555 m/s
2026-09-13 11:28:37,915 - INFO - 2026-09-13 11:28:37 [STATE] Current state: FOLLOWING_PATH
2026-09-13 11:28:37,915 - INFO - 2026-09-13 11:28:37 [SPEED] tight-turn cap: R=1.00m -> 0.500 m/s
2026-09-13 11:28:37,915 - INFO - 2026-09-13 11:28:37 [FOLLOW] TRACK: progress=0.00m/37.2m seg=0 cross=1.10m alpha=50.9° target=(0.00,0.00) R=1.00 RIGHT v=0.50 dwell=0.0s
2026-09-13 11:28:37,916 - INFO - 2026-09-13 11:28:37 Turn: RIGHT, R: 1.00m, v_L: 0.68 m/s, v_R: 0.33 m/s
2026-09-13 11:28:37,916 - INFO - 2026-09-13 11:28:37 left_actuator_position: 819 (counts) from v_L 0.675 m/s
2026-09-13 11:28:37,916 - INFO - 2026-09-13 11:28:37 right_actuator_position: 1088 (counts) from v_R 0.325 m/s
2026-09-13 11:28:37,929 - INFO - Sent actuator positions to RoboClaw → M1 (left): 819, M2 (right): 1088 (counts)
2026-09-13 11:28:37,929 - INFO - 2026-09-13 11:28:37 APPLY → left_pos: 819, right_pos: 1088 (counts), v_L: 0.68 m/s, v_R: 0.33 m/s
2026-09-13 11:28:37,929 - INFO - 2026-09-13 11:28:37 Path tracking needs correction: heading_ok=False (alpha=50.9deg), distance_ok=False (cross=1.097m)
2026-09-13 11:28:38,126 - INFO - 2026-09-13 11:28:38 [3.4 OBSERVED] current_turn_radius: 99.47m
2026-09-13 11:28:38,127 - INFO - 2026-09-13 11:28:38 [3.4 OBSERVED] turn_direction: LEFT
2026-09-13 11:28:38,127 - INFO - 2026-09-13 11:28:38 [3.4 OBSERVED] estimated left/right wheel speeds: 0.420, 0.423 m/s
2026-09-13 11:28:38,129 - INFO - 2026-09-13 11:28:38 [STATE] Current state: FOLLOWING_PATH
2026-09-13 11:28:38,129 - INFO - 2026-09-13 11:28:38 [SPEED] tight-turn cap: R=1.00m -> 0.500 m/s
2026-09-13 11:28:38,129 - INFO - 2026-09-13 11:28:38 [FOLLOW] TRACK: progress=0.00m/37.2m seg=0 cross=1.02m alpha=53.4° target=(0.00,0.00) R=1.00 RIGHT v=0.50 dwell=0.0s
2026-09-13 11:28:38,130 - INFO - 2026-09-13 11:28:38 Turn: RIGHT, R: 1.00m, v_L: 0.68 m/s, v_R: 0.33 m/s
2026-09-13 11:28:38,130 - INFO - 2026-09-13 11:28:38 left_actuator_position: 819 (counts) from v_L 0.675 m/s
2026-09-13 11:28:38,130 - INFO - 2026-09-13 11:28:38 right_actuator_position: 1088 (counts) from v_R 0.325 m/s
2026-09-13 11:28:38,142 - INFO - Sent actuator positions to RoboClaw → M1 (left): 819, M2 (right): 1088 (counts)
2026-09-13 11:28:38,142 - INFO - 2026-09-13 11:28:38 APPLY → left_pos: 819, right_pos: 1088 (counts), v_L: 0.68 m/s, v_R: 0.33 m/s
2026-09-13 11:28:38,142 - INFO - 2026-09-13 11:28:38 Path tracking needs correction: heading_ok=False (alpha=53.4deg), distance_ok=False (cross=1.017m)
2026-09-13 11:28:38,305 - INFO - 2026-09-13 11:28:38 [3.4 OBSERVED] current_turn_radius: 59.85m
2026-09-13 11:28:38,306 - INFO - 2026-09-13 11:28:38 [3.4 OBSERVED] turn_direction: LEFT
2026-09-13 11:28:38,306 - INFO - 2026-09-13 11:28:38 [3.4 OBSERVED] estimated left/right wheel speeds: 0.384, 0.389 m/s
2026-09-13 11:28:38,309 - INFO - 2026-09-13 11:28:38 [STATE] Current state: FOLLOWING_PATH
2026-09-13 11:28:38,309 - INFO - 2026-09-13 11:28:38 [SPEED] tight-turn cap: R=1.00m -> 0.500 m/s
2026-09-13 11:28:38,309 - INFO - 2026-09-13 11:28:38 [FOLLOW] TRACK: progress=0.00m/37.2m seg=0 cross=0.98m alpha=57.9° target=(0.00,0.00) R=1.00 RIGHT v=0.50 dwell=0.0s
2026-09-13 11:28:38,309 - INFO - 2026-09-13 11:28:38 Turn: RIGHT, R: 1.00m, v_L: 0.68 m/s, v_R: 0.33 m/s
2026-09-13 11:28:38,309 - INFO - 2026-09-13 11:28:38 left_actuator_position: 819 (counts) from v_L 0.675 m/s
2026-09-13 11:28:38,309 - INFO - 2026-09-13 11:28:38 right_actuator_position: 1088 (counts) from v_R 0.325 m/s
2026-09-13 11:28:38,323 - INFO - Sent actuator positions to RoboClaw → M1 (left): 819, M2 (right): 1088 (counts)
2026-09-13 11:28:38,323 - INFO - 2026-09-13 11:28:38 APPLY → left_pos: 819, right_pos: 1088 (counts), v_L: 0.68 m/s, v_R: 0.33 m/s
2026-09-13 11:28:38,323 - INFO - 2026-09-13 11:28:38 Path tracking needs correction: heading_ok=False (alpha=57.9deg), distance_ok=False (cross=0.980m)
2026-09-13 11:28:38,509 - INFO - 2026-09-13 11:28:38 [3.4 OBSERVED] current_turn_radius: 5.17m
2026-09-13 11:28:38,509 - INFO - 2026-09-13 11:28:38 [3.4 OBSERVED] turn_direction: RIGHT
2026-09-13 11:28:38,509 - INFO - 2026-09-13 11:28:38 [3.4 OBSERVED] estimated left/right wheel speeds: 0.470, 0.410 m/s
2026-09-13 11:28:38,513 - INFO - 2026-09-13 11:28:38 [STATE] Current state: FOLLOWING_PATH
2026-09-13 11:28:38,513 - INFO - 2026-09-13 11:28:38 [SPEED] tight-turn cap: R=1.00m -> 0.500 m/s
2026-09-13 11:28:38,513 - INFO - 2026-09-13 11:28:38 [FOLLOW] TRACK: progress=0.00m/37.2m seg=0 cross=0.94m alpha=61.0° target=(0.00,0.00) R=1.00 RIGHT v=0.50 dwell=0.0s
2026-09-13 11:28:38,513 - INFO - 2026-09-13 11:28:38 Turn: RIGHT, R: 1.00m, v_L: 0.68 m/s, v_R: 0.33 m/s
2026-09-13 11:28:38,513 - INFO - 2026-09-13 11:28:38 left_actuator_position: 819 (counts) from v_L 0.675 m/s
2026-09-13 11:28:38,514 - INFO - 2026-09-13 11:28:38 right_actuator_position: 1088 (counts) from v_R 0.325 m/s
2026-09-13 11:28:38,525 - INFO - Sent actuator positions to RoboClaw → M1 (left): 819, M2 (right): 1088 (counts)
2026-09-13 11:28:38,525 - INFO - 2026-09-13 11:28:38 APPLY → left_pos: 819, right_pos: 1088 (counts), v_L: 0.68 m/s, v_R: 0.33 m/s
2026-09-13 11:28:38,526 - INFO - 2026-09-13 11:28:38 Path tracking needs correction: heading_ok=False (alpha=61.0deg), distance_ok=False (cross=0.939m)
2026-09-13 11:28:38,725 - INFO - 2026-09-13 11:28:38 [3.4 OBSERVED] current_turn_radius: 22.05m
2026-09-13 11:28:38,725 - INFO - 2026-09-13 11:28:38 [3.4 OBSERVED] turn_direction: RIGHT
2026-09-13 11:28:38,725 - INFO - 2026-09-13 11:28:38 [3.4 OBSERVED] estimated left/right wheel speeds: 0.478, 0.463 m/s
2026-09-13 11:28:38,728 - INFO - 2026-09-13 11:28:38 [STATE] Current state: FOLLOWING_PATH
2026-09-13 11:28:38,728 - INFO - 2026-09-13 11:28:38 [SPEED] tight-turn cap: R=1.00m -> 0.500 m/s
2026-09-13 11:28:38,728 - INFO - 2026-09-13 11:28:38 [FOLLOW] TRACK: progress=0.00m/37.2m seg=0 cross=0.90m alpha=66.7° target=(0.00,0.00) R=1.00 RIGHT v=0.50 dwell=0.0s
2026-09-13 11:28:38,729 - INFO - 2026-09-13 11:28:38 Turn: RIGHT, R: 1.00m, v_L: 0.68 m/s, v_R: 0.33 m/s
2026-09-13 11:28:38,729 - INFO - 2026-09-13 11:28:38 left_actuator_position: 819 (counts) from v_L 0.675 m/s
2026-09-13 11:28:38,729 - INFO - 2026-09-13 11:28:38 right_actuator_position: 1088 (counts) from v_R 0.325 m/s
2026-09-13 11:28:38,742 - INFO - Sent actuator positions to RoboClaw → M1 (left): 819, M2 (right): 1088 (counts)
2026-09-13 11:28:38,742 - INFO - 2026-09-13 11:28:38 APPLY → left_pos: 819, right_pos: 1088 (counts), v_L: 0.68 m/s, v_R: 0.33 m/s
2026-09-13 11:28:38,742 - INFO - 2026-09-13 11:28:38 Path tracking needs correction: heading_ok=False (alpha=66.7deg), distance_ok=False (cross=0.901m)
2026-09-13 11:28:38,916 - INFO - 2026-09-13 11:28:38 [3.4 OBSERVED] current_turn_radius: 5.49m
2026-09-13 11:28:38,916 - INFO - 2026-09-13 11:28:38 [3.4 OBSERVED] turn_direction: RIGHT
2026-09-13 11:28:38,916 - INFO - 2026-09-13 11:28:38 [3.4 OBSERVED] estimated left/right wheel speeds: 0.492, 0.434 m/s
2026-09-13 11:28:38,919 - INFO - 2026-09-13 11:28:38 [STATE] Current state: FOLLOWING_PATH
2026-09-13 11:28:38,919 - INFO - 2026-09-13 11:28:38 [SPEED] tight-turn cap: R=1.00m -> 0.500 m/s
2026-09-13 11:28:38,919 - INFO - 2026-09-13 11:28:38 [FOLLOW] TRACK: progress=0.00m/37.2m seg=0 cross=0.86m alpha=71.5° target=(0.00,0.00) R=1.00 RIGHT v=0.50 dwell=0.0s
2026-09-13 11:28:38,919 - INFO - 2026-09-13 11:28:38 Turn: RIGHT, R: 1.00m, v_L: 0.68 m/s, v_R: 0.33 m/s
2026-09-13 11:28:38,919 - INFO - 2026-09-13 11:28:38 left_actuator_position: 819 (counts) from v_L 0.675 m/s
2026-09-13 11:28:38,919 - INFO - 2026-09-13 11:28:38 right_actuator_position: 1088 (counts) from v_R 0.325 m/s
2026-09-13 11:28:38,932 - INFO - Sent actuator positions to RoboClaw → M1 (left): 819, M2 (right): 1088 (counts)
2026-09-13 11:28:38,932 - INFO - 2026-09-13 11:28:38 APPLY → left_pos: 819, right_pos: 1088 (counts), v_L: 0.68 m/s, v_R: 0.33 m/s
2026-09-13 11:28:38,933 - INFO - 2026-09-13 11:28:38 Path tracking needs correction: heading_ok=False (alpha=71.5deg), distance_ok=False (cross=0.862m)
2026-09-13 11:28:39,111 - INFO - 2026-09-13 11:28:39 [3.4 OBSERVED] current_turn_radius: 1.94m
2026-09-13 11:28:39,111 - INFO - 2026-09-13 11:28:39 [3.4 OBSERVED] turn_direction: RIGHT
2026-09-13 11:28:39,111 - INFO - 2026-09-13 11:28:39 [3.4 OBSERVED] estimated left/right wheel speeds: 0.499, 0.346 m/s
2026-09-13 11:28:39,115 - INFO - 2026-09-13 11:28:39 [STATE] Current state: FOLLOWING_PATH
2026-09-13 11:28:39,115 - INFO - 2026-09-13 11:28:39 [SPEED] tight-turn cap: R=1.00m -> 0.500 m/s
2026-09-13 11:28:39,115 - INFO - 2026-09-13 11:28:39 [FOLLOW] TRACK: progress=0.00m/37.2m seg=0 cross=0.82m alpha=74.8° target=(0.00,0.00) R=1.00 RIGHT v=0.50 dwell=0.0s
2026-09-13 11:28:39,115 - INFO - 2026-09-13 11:28:39 Turn: RIGHT, R: 1.00m, v_L: 0.68 m/s, v_R: 0.33 m/s
2026-09-13 11:28:39,115 - INFO - 2026-09-13 11:28:39 left_actuator_position: 819 (counts) from v_L 0.675 m/s
2026-09-13 11:28:39,116 - INFO - 2026-09-13 11:28:39 right_actuator_position: 1088 (counts) from v_R 0.325 m/s
2026-09-13 11:28:39,128 - INFO - Sent actuator positions to RoboClaw → M1 (left): 819, M2 (right): 1088 (counts)
2026-09-13 11:28:39,128 - INFO - 2026-09-13 11:28:39 APPLY → left_pos: 819, right_pos: 1088 (counts), v_L: 0.68 m/s, v_R: 0.33 m/s
2026-09-13 11:28:39,128 - INFO - 2026-09-13 11:28:39 Path tracking needs correction: heading_ok=False (alpha=74.8deg), distance_ok=False (cross=0.820m)
2026-09-13 11:28:39,315 - INFO - 2026-09-13 11:28:39 [3.4 OBSERVED] current_turn_radius: 2.43m
2026-09-13 11:28:39,315 - INFO - 2026-09-13 11:28:39 [3.4 OBSERVED] turn_direction: RIGHT
2026-09-13 11:28:39,315 - INFO - 2026-09-13 11:28:39 [3.4 OBSERVED] estimated left/right wheel speeds: 0.490, 0.367 m/s
2026-09-13 11:28:39,318 - INFO - 2026-09-13 11:28:39 [STATE] Current state: FOLLOWING_PATH
2026-09-13 11:28:39,318 - INFO - 2026-09-13 11:28:39 [SPEED] tight-turn cap: R=1.00m -> 0.500 m/s
2026-09-13 11:28:39,318 - INFO - 2026-09-13 11:28:39 [FOLLOW] TRACK: progress=0.00m/37.2m seg=0 cross=0.81m alpha=78.3° target=(0.00,0.00) R=1.00 RIGHT v=0.50 dwell=0.0s
2026-09-13 11:28:39,318 - INFO - 2026-09-13 11:28:39 Turn: RIGHT, R: 1.00m, v_L: 0.68 m/s, v_R: 0.33 m/s
2026-09-13 11:28:39,318 - INFO - 2026-09-13 11:28:39 left_actuator_position: 819 (counts) from v_L 0.675 m/s
2026-09-13 11:28:39,319 - INFO - 2026-09-13 11:28:39 right_actuator_position: 1088 (counts) from v_R 0.325 m/s
2026-09-13 11:28:39,331 - INFO - Sent actuator positions to RoboClaw → M1 (left): 819, M2 (right): 1088 (counts)
2026-09-13 11:28:39,331 - INFO - 2026-09-13 11:28:39 APPLY → left_pos: 819, right_pos: 1088 (counts), v_L: 0.68 m/s, v_R: 0.33 m/s
2026-09-13 11:28:39,331 - INFO - 2026-09-13 11:28:39 Path tracking needs correction: heading_ok=False (alpha=78.3deg), distance_ok=False (cross=0.808m)
2026-09-13 11:28:39,507 - INFO - 2026-09-13 11:28:39 [3.4 OBSERVED] current_turn_radius: 2.00m
2026-09-13 11:28:39,507 - INFO - 2026-09-13 11:28:39 [3.4 OBSERVED] turn_direction: RIGHT
2026-09-13 11:28:39,507 - INFO - 2026-09-13 11:28:39 [3.4 OBSERVED] estimated left/right wheel speeds: 0.574, 0.403 m/s
2026-09-13 11:28:39,509 - INFO - 2026-09-13 11:28:39 [STATE] Current state: FOLLOWING_PATH
2026-09-13 11:28:39,509 - INFO - 2026-09-13 11:28:39 [SPEED] tight-turn cap: R=1.00m -> 0.500 m/s
2026-09-13 11:28:39,509 - INFO - 2026-09-13 11:28:39 [FOLLOW] TRACK: progress=0.00m/37.2m seg=0 cross=0.78m alpha=82.1° target=(0.00,0.00) R=1.00 RIGHT v=0.50 dwell=0.0s
2026-09-13 11:28:39,509 - INFO - 2026-09-13 11:28:39 Turn: RIGHT, R: 1.00m, v_L: 0.68 m/s, v_R: 0.33 m/s
2026-09-13 11:28:39,510 - INFO - 2026-09-13 11:28:39 left_actuator_position: 819 (counts) from v_L 0.675 m/s
2026-09-13 11:28:39,510 - INFO - 2026-09-13 11:28:39 right_actuator_position: 1088 (counts) from v_R 0.325 m/s
2026-09-13 11:28:39,522 - INFO - Sent actuator positions to RoboClaw → M1 (left): 819, M2 (right): 1088 (counts)
2026-09-13 11:28:39,522 - INFO - 2026-09-13 11:28:39 APPLY → left_pos: 819, right_pos: 1088 (counts), v_L: 0.68 m/s, v_R: 0.33 m/s
2026-09-13 11:28:39,522 - INFO - 2026-09-13 11:28:39 Path tracking needs correction: heading_ok=False (alpha=82.1deg), distance_ok=False (cross=0.784m)
2026-09-13 11:28:39,705 - INFO - 2026-09-13 11:28:39 [3.4 OBSERVED] current_turn_radius: 2.18m
2026-09-13 11:28:39,705 - INFO - 2026-09-13 11:28:39 [3.4 OBSERVED] turn_direction: RIGHT
2026-09-13 11:28:39,705 - INFO - 2026-09-13 11:28:39 [3.4 OBSERVED] estimated left/right wheel speeds: 0.531, 0.384 m/s
2026-09-13 11:28:39,709 - INFO - 2026-09-13 11:28:39 [STATE] Current state: FOLLOWING_PATH
2026-09-13 11:28:39,709 - INFO - 2026-09-13 11:28:39 [SPEED] tight-turn cap: R=1.00m -> 0.500 m/s
2026-09-13 11:28:39,709 - INFO - 2026-09-13 11:28:39 [FOLLOW] TRACK: progress=0.00m/37.2m seg=0 cross=0.80m alpha=85.8° target=(0.00,0.00) R=1.00 RIGHT v=0.50 dwell=0.0s
2026-09-13 11:28:39,709 - INFO - 2026-09-13 11:28:39 Turn: RIGHT, R: 1.00m, v_L: 0.68 m/s, v_R: 0.33 m/s
2026-09-13 11:28:39,709 - INFO - 2026-09-13 11:28:39 left_actuator_position: 819 (counts) from v_L 0.675 m/s
2026-09-13 11:28:39,710 - INFO - 2026-09-13 11:28:39 right_actuator_position: 1088 (counts) from v_R 0.325 m/s
2026-09-13 11:28:39,722 - INFO - Sent actuator positions to RoboClaw → M1 (left): 819, M2 (right): 1088 (counts)
2026-09-13 11:28:39,722 - INFO - 2026-09-13 11:28:39 APPLY → left_pos: 819, right_pos: 1088 (counts), v_L: 0.68 m/s, v_R: 0.33 m/s
2026-09-13 11:28:39,722 - INFO - 2026-09-13 11:28:39 Path tracking needs correction: heading_ok=False (alpha=85.8deg), distance_ok=False (cross=0.803m)
2026-09-13 11:28:39,913 - INFO - 2026-09-13 11:28:39 [3.4 OBSERVED] current_turn_radius: 2.78m
2026-09-13 11:28:39,913 - INFO - 2026-09-13 11:28:39 [3.4 OBSERVED] turn_direction: RIGHT
2026-09-13 11:28:39,913 - INFO - 2026-09-13 11:28:39 [3.4 OBSERVED] estimated left/right wheel speeds: 0.535, 0.415 m/s
2026-09-13 11:28:39,915 - INFO - 2026-09-13 11:28:39 [STATE] Current state: FOLLOWING_PATH
2026-09-13 11:28:39,915 - INFO - 2026-09-13 11:28:39 [SPEED] tight-turn cap: R=1.00m -> 0.500 m/s
2026-09-13 11:28:39,915 - INFO - 2026-09-13 11:28:39 [FOLLOW] TRACK: progress=0.00m/37.2m seg=0 cross=0.81m alpha=90.6° target=(0.00,0.00) R=1.00 RIGHT v=0.50 dwell=0.0s
2026-09-13 11:28:39,916 - INFO - 2026-09-13 11:28:39 Turn: RIGHT, R: 1.00m, v_L: 0.68 m/s, v_R: 0.33 m/s
2026-09-13 11:28:39,916 - INFO - 2026-09-13 11:28:39 left_actuator_position: 819 (counts) from v_L 0.675 m/s
2026-09-13 11:28:39,916 - INFO - 2026-09-13 11:28:39 right_actuator_position: 1088 (counts) from v_R 0.325 m/s
2026-09-13 11:28:39,929 - INFO - Sent actuator positions to RoboClaw → M1 (left): 819, M2 (right): 1088 (counts)
2026-09-13 11:28:39,929 - INFO - 2026-09-13 11:28:39 APPLY → left_pos: 819, right_pos: 1088 (counts), v_L: 0.68 m/s, v_R: 0.33 m/s
2026-09-13 11:28:39,929 - INFO - 2026-09-13 11:28:39 Path tracking needs correction: heading_ok=False (alpha=90.6deg), distance_ok=False (cross=0.814m)
2026-09-13 11:28:40,124 - INFO - 2026-09-13 11:28:40 [3.4 OBSERVED] current_turn_radius: 1.87m
2026-09-13 11:28:40,124 - INFO - 2026-09-13 11:28:40 [3.4 OBSERVED] turn_direction: RIGHT
2026-09-13 11:28:40,124 - INFO - 2026-09-13 11:28:40 [3.4 OBSERVED] estimated left/right wheel speeds: 0.515, 0.353 m/s
2026-09-13 11:28:40,125 - INFO - 2026-09-13 11:28:40 [STATE] Current state: FOLLOWING_PATH
2026-09-13 11:28:40,125 - INFO - 2026-09-13 11:28:40 [SPEED] tight-turn cap: R=1.00m -> 0.500 m/s
2026-09-13 11:28:40,126 - INFO - 2026-09-13 11:28:40 [FOLLOW] TRACK: progress=0.00m/37.2m seg=0 cross=0.84m alpha=94.4° target=(0.00,0.00) R=1.00 RIGHT v=0.50 dwell=0.0s
2026-09-13 11:28:40,126 - INFO - 2026-09-13 11:28:40 Turn: RIGHT, R: 1.00m, v_L: 0.68 m/s, v_R: 0.33 m/s
2026-09-13 11:28:40,126 - INFO - 2026-09-13 11:28:40 left_actuator_position: 819 (counts) from v_L 0.675 m/s
2026-09-13 11:28:40,126 - INFO - 2026-09-13 11:28:40 right_actuator_position: 1088 (counts) from v_R 0.325 m/s
2026-09-13 11:28:40,138 - INFO - Sent actuator positions to RoboClaw → M1 (left): 819, M2 (right): 1088 (counts)
2026-09-13 11:28:40,138 - INFO - 2026-09-13 11:28:40 APPLY → left_pos: 819, right_pos: 1088 (counts), v_L: 0.68 m/s, v_R: 0.33 m/s
2026-09-13 11:28:40,139 - INFO - 2026-09-13 11:28:40 Path tracking needs correction: heading_ok=False (alpha=94.4deg), distance_ok=False (cross=0.836m)
2026-09-13 11:28:40,311 - INFO - 2026-09-13 11:28:40 [3.4 OBSERVED] current_turn_radius: 2.91m
2026-09-13 11:28:40,311 - INFO - 2026-09-13 11:28:40 [3.4 OBSERVED] turn_direction: RIGHT
2026-09-13 11:28:40,311 - INFO - 2026-09-13 11:28:40 [3.4 OBSERVED] estimated left/right wheel speeds: 0.571, 0.448 m/s
2026-09-13 11:28:40,314 - INFO - 2026-09-13 11:28:40 [STATE] Current state: FOLLOWING_PATH
2026-09-13 11:28:40,314 - INFO - 2026-09-13 11:28:40 [SPEED] tight-turn cap: R=1.00m -> 0.500 m/s
2026-09-13 11:28:40,314 - INFO - 2026-09-13 11:28:40 [FOLLOW] TRACK: progress=0.33m/37.2m seg=0 cross=0.85m alpha=78.2° target=(0.01,0.33) R=1.00 RIGHT v=0.50 dwell=0.0s
2026-09-13 11:28:40,314 - INFO - 2026-09-13 11:28:40 Turn: RIGHT, R: 1.00m, v_L: 0.68 m/s, v_R: 0.33 m/s
2026-09-13 11:28:40,315 - INFO - 2026-09-13 11:28:40 left_actuator_position: 819 (counts) from v_L 0.675 m/s
2026-09-13 11:28:40,315 - INFO - 2026-09-13 11:28:40 right_actuator_position: 1088 (counts) from v_R 0.325 m/s
2026-09-13 11:28:40,326 - INFO - Sent actuator positions to RoboClaw → M1 (left): 819, M2 (right): 1088 (counts)
2026-09-13 11:28:40,326 - INFO - 2026-09-13 11:28:40 APPLY → left_pos: 819, right_pos: 1088 (counts), v_L: 0.68 m/s, v_R: 0.33 m/s
2026-09-13 11:28:40,326 - INFO - 2026-09-13 11:28:40 Path tracking needs correction: heading_ok=False (alpha=78.2deg), distance_ok=False (cross=0.853m)
2026-09-13 11:28:40,504 - INFO - 2026-09-13 11:28:40 [3.4 OBSERVED] current_turn_radius: 1.83m
2026-09-13 11:28:40,504 - INFO - 2026-09-13 11:28:40 [3.4 OBSERVED] turn_direction: RIGHT
2026-09-13 11:28:40,504 - INFO - 2026-09-13 11:28:40 [3.4 OBSERVED] estimated left/right wheel speeds: 0.630, 0.428 m/s
2026-09-13 11:28:40,507 - INFO - 2026-09-13 11:28:40 [STATE] Current state: FOLLOWING_PATH
2026-09-13 11:28:40,508 - INFO - 2026-09-13 11:28:40 [SPEED] tight-turn cap: R=1.00m -> 0.500 m/s
2026-09-13 11:28:40,508 - INFO - 2026-09-13 11:28:40 [FOLLOW] TRACK: progress=0.33m/37.2m seg=0 cross=0.87m alpha=82.2° target=(0.01,0.33) R=1.00 RIGHT v=0.50 dwell=0.0s
2026-09-13 11:28:40,508 - INFO - 2026-09-13 11:28:40 Turn: RIGHT, R: 1.00m, v_L: 0.68 m/s, v_R: 0.33 m/s
2026-09-13 11:28:40,508 - INFO - 2026-09-13 11:28:40 left_actuator_position: 819 (counts) from v_L 0.675 m/s
2026-09-13 11:28:40,508 - INFO - 2026-09-13 11:28:40 right_actuator_position: 1088 (counts) from v_R 0.325 m/s
2026-09-13 11:28:40,521 - INFO - Sent actuator positions to RoboClaw → M1 (left): 819, M2 (right): 1088 (counts)
2026-09-13 11:28:40,521 - INFO - 2026-09-13 11:28:40 APPLY → left_pos: 819, right_pos: 1088 (counts), v_L: 0.68 m/s, v_R: 0.33 m/s
2026-09-13 11:28:40,521 - INFO - 2026-09-13 11:28:40 Path tracking needs correction: heading_ok=False (alpha=82.2deg), distance_ok=False (cross=0.873m)
2026-09-13 11:28:40,726 - INFO - 2026-09-13 11:28:40 [3.4 OBSERVED] current_turn_radius: 2.25m
2026-09-13 11:28:40,726 - INFO - 2026-09-13 11:28:40 [3.4 OBSERVED] turn_direction: RIGHT
2026-09-13 11:28:40,726 - INFO - 2026-09-13 11:28:40 [3.4 OBSERVED] estimated left/right wheel speeds: 0.599, 0.438 m/s
2026-09-13 11:28:40,728 - INFO - 2026-09-13 11:28:40 [STATE] Current state: FOLLOWING_PATH
2026-09-13 11:28:40,728 - INFO - 2026-09-13 11:28:40 [FOLLOW] TRACK: progress=0.33m/37.2m seg=0 cross=0.89m alpha=85.3° target=(0.01,0.33) R=1037.37 LEFT v=0.97 dwell=0.0s
2026-09-13 11:28:40,729 - INFO - 2026-09-13 11:28:40 Turn: LEFT, R: 1037.37m, v_L: 0.97 m/s, v_R: 0.97 m/s
2026-09-13 11:28:40,729 - INFO - 2026-09-13 11:28:40 left_actuator_position: 594 (counts) from v_L 0.968 m/s
2026-09-13 11:28:40,729 - INFO - 2026-09-13 11:28:40 right_actuator_position: 594 (counts) from v_R 0.968 m/s
2026-09-13 11:28:40,742 - INFO - Sent actuator positions to RoboClaw → M1 (left): 594, M2 (right): 594 (counts)
2026-09-13 11:28:40,742 - INFO - 2026-09-13 11:28:40 APPLY → left_pos: 594, right_pos: 594 (counts), v_L: 0.97 m/s, v_R: 0.97 m/s
2026-09-13 11:28:40,742 - INFO - 2026-09-13 11:28:40 Path tracking needs correction: heading_ok=False (alpha=85.3deg), distance_ok=False (cross=0.892m)
2026-09-13 11:28:40,908 - INFO - 2026-09-13 11:28:40 [3.4 OBSERVED] current_turn_radius: 1.57m
2026-09-13 11:28:40,908 - INFO - 2026-09-13 11:28:40 [3.4 OBSERVED] turn_direction: RIGHT
2026-09-13 11:28:40,908 - INFO - 2026-09-13 11:28:40 [3.4 OBSERVED] estimated left/right wheel speeds: 0.663, 0.421 m/s
2026-09-13 11:28:40,912 - INFO - 2026-09-13 11:28:40 [STATE] Current state: FOLLOWING_PATH
2026-09-13 11:28:40,912 - INFO - 2026-09-13 11:28:40 [FOLLOW] TRACK: progress=1.37m/37.2m seg=1 cross=0.89m alpha=36.9° target=(0.01,1.37) R=164.66 LEFT v=1.26 dwell=0.0s
2026-09-13 11:28:40,912 - INFO - 2026-09-13 11:28:40 Turn: LEFT, R: 164.66m, v_L: 1.25 m/s, v_R: 1.26 m/s
2026-09-13 11:28:40,912 - INFO - 2026-09-13 11:28:40 left_actuator_position: 420 (counts) from v_L 1.254 m/s
2026-09-13 11:28:40,913 - INFO - 2026-09-13 11:28:40 right_actuator_position: 420 (counts) from v_R 1.259 m/s
2026-09-13 11:28:40,925 - INFO - Sent actuator positions to RoboClaw → M1 (left): 420, M2 (right): 420 (counts)
2026-09-13 11:28:40,925 - INFO - 2026-09-13 11:28:40 APPLY → left_pos: 420, right_pos: 420 (counts), v_L: 1.25 m/s, v_R: 1.26 m/s
2026-09-13 11:28:40,926 - INFO - 2026-09-13 11:28:40 Path tracking needs correction: heading_ok=False (alpha=36.9deg), distance_ok=False (cross=0.894m)
2026-09-13 11:28:41,120 - INFO - 2026-09-13 11:28:41 [3.4 OBSERVED] current_turn_radius: 1.26m
2026-09-13 11:28:41,120 - INFO - 2026-09-13 11:28:41 [3.4 OBSERVED] turn_direction: RIGHT
2026-09-13 11:28:41,120 - INFO - 2026-09-13 11:28:41 [3.4 OBSERVED] estimated left/right wheel speeds: 0.689, 0.390 m/s
2026-09-13 11:28:41,122 - INFO - 2026-09-13 11:28:41 [STATE] Current state: FOLLOWING_PATH
2026-09-13 11:28:41,122 - INFO - 2026-09-13 11:28:41 [FOLLOW] TRACK: progress=1.37m/37.2m seg=1 cross=0.89m alpha=34.7° target=(0.01,1.37) R=47.36 LEFT v=1.26 dwell=0.0s
2026-09-13 11:28:41,122 - INFO - 2026-09-13 11:28:41 Turn: LEFT, R: 47.36m, v_L: 1.25 m/s, v_R: 1.27 m/s
2026-09-13 11:28:41,123 - INFO - 2026-09-13 11:28:41 left_actuator_position: 420 (counts) from v_L 1.247 m/s
2026-09-13 11:28:41,123 - INFO - 2026-09-13 11:28:41 right_actuator_position: 420 (counts) from v_R 1.266 m/s
2026-09-13 11:28:41,135 - INFO - Sent actuator positions to RoboClaw → M1 (left): 420, M2 (right): 420 (counts)
2026-09-13 11:28:41,135 - INFO - 2026-09-13 11:28:41 APPLY → left_pos: 420, right_pos: 420 (counts), v_L: 1.25 m/s, v_R: 1.27 m/s
2026-09-13 11:28:41,136 - INFO - 2026-09-13 11:28:41 Path tracking needs correction: heading_ok=False (alpha=34.7deg), distance_ok=False (cross=0.894m)
2026-09-13 11:28:41,311 - INFO - 2026-09-13 11:28:41 [3.4 OBSERVED] current_turn_radius: 1.88m
2026-09-13 11:28:41,311 - INFO - 2026-09-13 11:28:41 [3.4 OBSERVED] turn_direction: RIGHT
2026-09-13 11:28:41,311 - INFO - 2026-09-13 11:28:41 [3.4 OBSERVED] estimated left/right wheel speeds: 0.706, 0.485 m/s
2026-09-13 11:28:41,314 - INFO - 2026-09-13 11:28:41 [STATE] Current state: FOLLOWING_PATH
2026-09-13 11:28:41,315 - INFO - 2026-09-13 11:28:41 [FOLLOW] TRACK: progress=1.37m/37.2m seg=1 cross=0.89m alpha=35.8° target=(0.01,1.37) R=27.64 LEFT v=1.26 dwell=0.0s
2026-09-13 11:28:41,315 - INFO - 2026-09-13 11:28:41 Turn: LEFT, R: 27.64m, v_L: 1.24 m/s, v_R: 1.27 m/s
2026-09-13 11:28:41,315 - INFO - 2026-09-13 11:28:41 left_actuator_position: 420 (counts) from v_L 1.240 m/s
2026-09-13 11:28:41,315 - INFO - 2026-09-13 11:28:41 right_actuator_position: 420 (counts) from v_R 1.272 m/s
2026-09-13 11:28:41,328 - INFO - Sent actuator positions to RoboClaw → M1 (left): 420, M2 (right): 420 (counts)
2026-09-13 11:28:41,328 - INFO - 2026-09-13 11:28:41 APPLY → left_pos: 420, right_pos: 420 (counts), v_L: 1.24 m/s, v_R: 1.27 m/s
2026-09-13 11:28:41,328 - INFO - 2026-09-13 11:28:41 Path tracking needs correction: heading_ok=False (alpha=35.8deg), distance_ok=False (cross=0.894m)
2026-09-13 11:28:41,507 - INFO - 2026-09-13 11:28:41 [3.4 OBSERVED] current_turn_radius: 1.79m
2026-09-13 11:28:41,507 - INFO - 2026-09-13 11:28:41 [3.4 OBSERVED] turn_direction: RIGHT
2026-09-13 11:28:41,507 - INFO - 2026-09-13 11:28:41 [3.4 OBSERVED] estimated left/right wheel speeds: 0.939, 0.632 m/s
2026-09-13 11:28:41,510 - INFO - 2026-09-13 11:28:41 [STATE] Current state: FOLLOWING_PATH
2026-09-13 11:28:41,511 - INFO - 2026-09-13 11:28:41 [FOLLOW] TRACK: progress=1.37m/37.2m seg=1 cross=0.88m alpha=36.5° target=(0.01,1.37) R=15.28 LEFT v=1.26 dwell=0.0s
2026-09-13 11:28:41,511 - INFO - 2026-09-13 11:28:41 Turn: LEFT, R: 15.28m, v_L: 1.23 m/s, v_R: 1.29 m/s
2026-09-13 11:28:41,511 - INFO - 2026-09-13 11:28:41 left_actuator_position: 420 (counts) from v_L 1.228 m/s
2026-09-13 11:28:41,511 - INFO - 2026-09-13 11:28:41 right_actuator_position: 420 (counts) from v_R 1.285 m/s
2026-09-13 11:28:41,524 - INFO - Sent actuator positions to RoboClaw → M1 (left): 420, M2 (right): 420 (counts)
2026-09-13 11:28:41,524 - INFO - 2026-09-13 11:28:41 APPLY → left_pos: 420, right_pos: 420 (counts), v_L: 1.23 m/s, v_R: 1.29 m/s
2026-09-13 11:28:41,524 - INFO - 2026-09-13 11:28:41 Path tracking needs correction: heading_ok=False (alpha=36.5deg), distance_ok=False (cross=0.880m)
2026-09-13 11:28:41,710 - INFO - 2026-09-13 11:28:41 [3.4 OBSERVED] current_turn_radius: 2.03m
2026-09-13 11:28:41,710 - INFO - 2026-09-13 11:28:41 [3.4 OBSERVED] turn_direction: RIGHT
2026-09-13 11:28:41,710 - INFO - 2026-09-13 11:28:41 [3.4 OBSERVED] estimated left/right wheel speeds: 1.274, 0.899 m/s
2026-09-13 11:28:41,711 - INFO - 2026-09-13 11:28:41 [STATE] Current state: FOLLOWING_PATH
2026-09-13 11:28:41,711 - INFO - 2026-09-13 11:28:41 [FOLLOW] TRACK: progress=1.37m/37.2m seg=1 cross=0.84m alpha=39.3° target=(0.01,1.37) R=8.42 LEFT v=1.26 dwell=0.0s
2026-09-13 11:28:41,712 - INFO - 2026-09-13 11:28:41 Turn: LEFT, R: 8.42m, v_L: 1.20 m/s, v_R: 1.31 m/s
2026-09-13 11:28:41,712 - INFO - 2026-09-13 11:28:41 left_actuator_position: 420 (counts) from v_L 1.204 m/s
2026-09-13 11:28:41,712 - INFO - 2026-09-13 11:28:41 right_actuator_position: 420 (counts) from v_R 1.309 m/s
2026-09-13 11:28:41,725 - INFO - Sent actuator positions to RoboClaw → M1 (left): 420, M2 (right): 420 (counts)
2026-09-13 11:28:41,725 - INFO - 2026-09-13 11:28:41 APPLY → left_pos: 420, right_pos: 420 (counts), v_L: 1.20 m/s, v_R: 1.31 m/s
2026-09-13 11:28:41,725 - INFO - 2026-09-13 11:28:41 Path tracking needs correction: heading_ok=False (alpha=39.3deg), distance_ok=False (cross=0.836m)
2026-09-13 11:28:41,912 - INFO - 2026-09-13 11:28:41 [3.4 OBSERVED] current_turn_radius: 2.35m
2026-09-13 11:28:41,912 - INFO - 2026-09-13 11:28:41 [3.4 OBSERVED] turn_direction: RIGHT
2026-09-13 11:28:41,912 - INFO - 2026-09-13 11:28:41 [3.4 OBSERVED] estimated left/right wheel speeds: 1.409, 1.044 m/s
2026-09-13 11:28:41,914 - INFO - 2026-09-13 11:28:41 [STATE] Current state: FOLLOWING_PATH
2026-09-13 11:28:41,915 - INFO - 2026-09-13 11:28:41 [FOLLOW] TRACK: progress=1.37m/37.2m seg=1 cross=0.75m alpha=47.0° target=(0.01,1.37) R=4.98 LEFT v=1.26 dwell=0.0s
2026-09-13 11:28:41,915 - INFO - 2026-09-13 11:28:41 Turn: LEFT, R: 4.98m, v_L: 1.17 m/s, v_R: 1.34 m/s
2026-09-13 11:28:41,915 - INFO - 2026-09-13 11:28:41 left_actuator_position: 440 (counts) from v_L 1.168 m/s
2026-09-13 11:28:41,915 - INFO - 2026-09-13 11:28:41 right_actuator_position: 420 (counts) from v_R 1.345 m/s
2026-09-13 11:28:41,928 - INFO - Sent actuator positions to RoboClaw → M1 (left): 440, M2 (right): 420 (counts)
2026-09-13 11:28:41,928 - INFO - 2026-09-13 11:28:41 APPLY → left_pos: 440, right_pos: 420 (counts), v_L: 1.17 m/s, v_R: 1.34 m/s
2026-09-13 11:28:41,928 - INFO - 2026-09-13 11:28:41 Path tracking needs correction: heading_ok=False (alpha=47.0deg), distance_ok=False (cross=0.748m)
2026-09-13 11:28:42,130 - INFO - 2026-09-13 11:28:42 [3.4 OBSERVED] current_turn_radius: 13.15m
2026-09-13 11:28:42,130 - INFO - 2026-09-13 11:28:42 [3.4 OBSERVED] turn_direction: RIGHT
2026-09-13 11:28:42,130 - INFO - 2026-09-13 11:28:42 [3.4 OBSERVED] estimated left/right wheel speeds: 1.540, 1.460 m/s
2026-09-13 11:28:42,134 - INFO - 2026-09-13 11:28:42 [STATE] Current state: FOLLOWING_PATH
2026-09-13 11:28:42,134 - INFO - 2026-09-13 11:28:42 [FOLLOW] TRACK: progress=2.70m/37.2m seg=2 cross=0.63m alpha=-5.6° target=(0.01,2.70) R=3.56 LEFT v=1.26 dwell=0.0s
2026-09-13 11:28:42,134 - INFO - 2026-09-13 11:28:42 Turn: LEFT, R: 3.56m, v_L: 1.13 m/s, v_R: 1.38 m/s
2026-09-13 11:28:42,134 - INFO - 2026-09-13 11:28:42 left_actuator_position: 467 (counts) from v_L 1.133 m/s
2026-09-13 11:28:42,135 - INFO - 2026-09-13 11:28:42 right_actuator_position: 420 (counts) from v_R 1.380 m/s
2026-09-13 11:28:42,148 - INFO - Sent actuator positions to RoboClaw → M1 (left): 467, M2 (right): 420 (counts)
2026-09-13 11:28:42,148 - INFO - 2026-09-13 11:28:42 APPLY → left_pos: 467, right_pos: 420 (counts), v_L: 1.13 m/s, v_R: 1.38 m/s
2026-09-13 11:28:42,149 - INFO - 2026-09-13 11:28:42 Path tracking needs correction: heading_ok=True (alpha=5.6deg), distance_ok=False (cross=0.630m)
2026-09-13 11:28:42,308 - INFO - 2026-09-13 11:28:42 [3.4 OBSERVED] current_turn_radius: 10.64m
2026-09-13 11:28:42,308 - INFO - 2026-09-13 11:28:42 [3.4 OBSERVED] turn_direction: RIGHT
2026-09-13 11:28:42,308 - INFO - 2026-09-13 11:28:42 [3.4 OBSERVED] estimated left/right wheel speeds: 1.657, 1.551 m/s
2026-09-13 11:28:42,311 - INFO - 2026-09-13 11:28:42 [STATE] Current state: FOLLOWING_PATH
2026-09-13 11:28:42,311 - INFO - 2026-09-13 11:28:42 [FOLLOW] TRACK: progress=2.70m/37.2m seg=2 cross=0.48m alpha=-6.7° target=(0.01,2.70) R=2.52 LEFT v=1.26 dwell=0.0s
2026-09-13 11:28:42,311 - INFO - 2026-09-13 11:28:42 Turn: LEFT, R: 2.52m, v_L: 1.08 m/s, v_R: 1.43 m/s
2026-09-13 11:28:42,312 - INFO - 2026-09-13 11:28:42 left_actuator_position: 506 (counts) from v_L 1.082 m/s
2026-09-13 11:28:42,312 - INFO - 2026-09-13 11:28:42 right_actuator_position: 420 (counts) from v_R 1.431 m/s
2026-09-13 11:28:42,324 - INFO - Sent actuator positions to RoboClaw → M1 (left): 506, M2 (right): 420 (counts)
2026-09-13 11:28:42,324 - INFO - 2026-09-13 11:28:42 APPLY → left_pos: 506, right_pos: 420 (counts), v_L: 1.08 m/s, v_R: 1.43 m/s
2026-09-13 11:28:42,325 - INFO - 2026-09-13 11:28:42 Path tracking needs correction: heading_ok=True (alpha=6.7deg), distance_ok=False (cross=0.484m)
2026-09-13 11:28:42,509 - INFO - 2026-09-13 11:28:42 [3.4 OBSERVED] current_turn_radius: 19.66m
2026-09-13 11:28:42,509 - INFO - 2026-09-13 11:28:42 [3.4 OBSERVED] turn_direction: RIGHT
2026-09-13 11:28:42,509 - INFO - 2026-09-13 11:28:42 [3.4 OBSERVED] estimated left/right wheel speeds: 1.672, 1.613 m/s
2026-09-13 11:28:42,511 - INFO - 2026-09-13 11:28:42 [STATE] Current state: FOLLOWING_PATH
2026-09-13 11:28:42,511 - INFO - 2026-09-13 11:28:42 [SPEED] tight-turn cap: R=1.66m -> 0.832 m/s
2026-09-13 11:28:42,512 - INFO - 2026-09-13 11:28:42 [FOLLOW] TRACK: progress=2.70m/37.2m seg=2 cross=0.34m alpha=-6.1° target=(0.01,2.70) R=1.66 LEFT v=0.83 dwell=0.0s
2026-09-13 11:28:42,512 - INFO - 2026-09-13 11:28:42 Turn: LEFT, R: 1.66m, v_L: 0.66 m/s, v_R: 1.01 m/s
2026-09-13 11:28:42,512 - INFO - 2026-09-13 11:28:42 left_actuator_position: 833 (counts) from v_L 0.657 m/s
2026-09-13 11:28:42,512 - INFO - 2026-09-13 11:28:42 right_actuator_position: 564 (counts) from v_R 1.007 m/s
2026-09-13 11:28:42,525 - INFO - Sent actuator positions to RoboClaw → M1 (left): 833, M2 (right): 564 (counts)
2026-09-13 11:28:42,525 - INFO - 2026-09-13 11:28:42 APPLY → left_pos: 833, right_pos: 564 (counts), v_L: 0.66 m/s, v_R: 1.01 m/s
2026-09-13 11:28:42,525 - INFO - 2026-09-13 11:28:42 Path tracking needs correction: heading_ok=True (alpha=6.1deg), distance_ok=False (cross=0.337m)
2026-09-13 11:28:42,525 - INFO - HEARTBEAT: Loop running, last GPS data 0.0s ago
2026-09-13 11:28:42,718 - INFO - 2026-09-13 11:28:42 [3.4 OBSERVED] current_turn_radius: 14.14m
2026-09-13 11:28:42,718 - INFO - 2026-09-13 11:28:42 [3.4 OBSERVED] turn_direction: LEFT
2026-09-13 11:28:42,718 - INFO - 2026-09-13 11:28:42 [3.4 OBSERVED] estimated left/right wheel speeds: 1.679, 1.764 m/s
2026-09-13 11:28:42,721 - INFO - 2026-09-13 11:28:42 [STATE] Current state: FOLLOWING_PATH
2026-09-13 11:28:42,721 - INFO - 2026-09-13 11:28:42 [FOLLOW] TRACK: progress=2.70m/37.2m seg=2 cross=0.09m alpha=-19.5° target=(0.01,2.70) R=inf STRAIGHT v=1.26 dwell=0.0s
2026-09-13 11:28:42,721 - WARNING - Unexpected turn_direction: STRAIGHT, defaulting to straight
2026-09-13 11:28:42,722 - INFO - 2026-09-13 11:28:42 Turn: STRAIGHT, R: infm, v_L: 1.26 m/s, v_R: 1.26 m/s
2026-09-13 11:28:42,722 - INFO - 2026-09-13 11:28:42 left_actuator_position: 420 (counts) from v_L 1.256 m/s
2026-09-13 11:28:42,722 - INFO - 2026-09-13 11:28:42 right_actuator_position: 420 (counts) from v_R 1.256 m/s
2026-09-13 11:28:42,737 - INFO - Sent actuator positions to RoboClaw → M1 (left): 420, M2 (right): 420 (counts)
2026-09-13 11:28:42,737 - INFO - 2026-09-13 11:28:42 APPLY → left_pos: 420, right_pos: 420 (counts), v_L: 1.26 m/s, v_R: 1.26 m/s
2026-09-13 11:28:42,738 - INFO - 2026-09-13 11:28:42 Path tracking needs correction: heading_ok=False (alpha=19.5deg), distance_ok=True (cross=0.088m)
2026-09-13 11:28:42,911 - INFO - 2026-09-13 11:28:42 [3.4 OBSERVED] current_turn_radius: 13.06m
2026-09-13 11:28:42,911 - INFO - 2026-09-13 11:28:42 [3.4 OBSERVED] turn_direction: RIGHT
2026-09-13 11:28:42,911 - INFO - 2026-09-13 11:28:42 [3.4 OBSERVED] estimated left/right wheel speeds: 1.749, 1.658 m/s
2026-09-13 11:28:42,914 - INFO - 2026-09-13 11:28:42 [STATE] Current state: FOLLOWING_PATH
2026-09-13 11:28:42,915 - INFO - 2026-09-13 11:28:42 [SPEED] tight-turn cap: R=1.00m -> 0.500 m/s
2026-09-13 11:28:42,915 - INFO - 2026-09-13 11:28:42 [FOLLOW] TRACK: progress=4.26m/37.2m seg=2 cross=0.12m alpha=-43.1° target=(-0.07,4.25) R=1.00 LEFT v=0.50 dwell=0.0s
2026-09-13 11:28:42,915 - INFO - 2026-09-13 11:28:42 Turn: LEFT, R: 1.00m, v_L: 0.33 m/s, v_R: 0.68 m/s
2026-09-13 11:28:42,915 - INFO - 2026-09-13 11:28:42 left_actuator_position: 1088 (counts) from v_L 0.325 m/s
2026-09-13 11:28:42,915 - INFO - 2026-09-13 11:28:42 right_actuator_position: 819 (counts) from v_R 0.675 m/s
2026-09-13 11:28:42,928 - INFO - Sent actuator positions to RoboClaw → M1 (left): 1088, M2 (right): 819 (counts)
2026-09-13 11:28:42,928 - INFO - 2026-09-13 11:28:42 APPLY → left_pos: 1088, right_pos: 819 (counts), v_L: 0.33 m/s, v_R: 0.68 m/s
2026-09-13 11:28:42,928 - INFO - 2026-09-13 11:28:42 Path tracking needs correction: heading_ok=False (alpha=43.1deg), distance_ok=True (cross=0.117m)
2026-09-13 11:28:43,119 - INFO - 2026-09-13 11:28:43 [3.4 OBSERVED] current_turn_radius: 17.25m
2026-09-13 11:28:43,119 - INFO - 2026-09-13 11:28:43 [3.4 OBSERVED] turn_direction: LEFT
2026-09-13 11:28:43,119 - INFO - 2026-09-13 11:28:43 [3.4 OBSERVED] estimated left/right wheel speeds: 1.923, 2.003 m/s
2026-09-13 11:28:43,121 - INFO - 2026-09-13 11:28:43 [STATE] Current state: FOLLOWING_PATH
2026-09-13 11:28:43,121 - INFO - 2026-09-13 11:28:43 [SPEED] tight-turn cap: R=1.00m -> 0.500 m/s
2026-09-13 11:28:43,122 - INFO - 2026-09-13 11:28:43 [FOLLOW] TRACK: progress=4.26m/37.2m seg=3 cross=0.37m alpha=-53.4° target=(-0.07,4.25) R=1.00 LEFT v=0.50 dwell=0.0s
2026-09-13 11:28:43,122 - INFO - 2026-09-13 11:28:43 Turn: LEFT, R: 1.00m, v_L: 0.33 m/s, v_R: 0.68 m/s
2026-09-13 11:28:43,122 - INFO - 2026-09-13 11:28:43 left_actuator_position: 1088 (counts) from v_L 0.325 m/s
2026-09-13 11:28:43,122 - INFO - 2026-09-13 11:28:43 right_actuator_position: 819 (counts) from v_R 0.675 m/s
2026-09-13 11:28:43,137 - INFO - Sent actuator positions to RoboClaw → M1 (left): 1088, M2 (right): 819 (counts)
2026-09-13 11:28:43,137 - INFO - 2026-09-13 11:28:43 APPLY → left_pos: 1088, right_pos: 819 (counts), v_L: 0.33 m/s, v_R: 0.68 m/s
2026-09-13 11:28:43,138 - INFO - 2026-09-13 11:28:43 Path tracking needs correction: heading_ok=False (alpha=53.4deg), distance_ok=False (cross=0.367m)
2026-09-13 11:28:43,310 - INFO - 2026-09-13 11:28:43 [3.4 OBSERVED] current_turn_radius: 10.82m
2026-09-13 11:28:43,310 - INFO - 2026-09-13 11:28:43 [3.4 OBSERVED] turn_direction: LEFT
2026-09-13 11:28:43,310 - INFO - 2026-09-13 11:28:43 [3.4 OBSERVED] estimated left/right wheel speeds: 2.177, 2.322 m/s
2026-09-13 11:28:43,314 - INFO - 2026-09-13 11:28:43 [STATE] Current state: FOLLOWING_PATH
2026-09-13 11:28:43,314 - INFO - 2026-09-13 11:28:43 [SPEED] tight-turn cap: R=1.00m -> 0.500 m/s
2026-09-13 11:28:43,314 - INFO - 2026-09-13 11:28:43 [FOLLOW] TRACK: progress=4.26m/37.2m seg=3 cross=0.61m alpha=-68.1° target=(-0.07,4.25) R=1.00 LEFT v=0.50 dwell=0.0s
2026-09-13 11:28:43,315 - INFO - 2026-09-13 11:28:43 Turn: LEFT, R: 1.00m, v_L: 0.33 m/s, v_R: 0.68 m/s
2026-09-13 11:28:43,315 - INFO - 2026-09-13 11:28:43 left_actuator_position: 1088 (counts) from v_L 0.325 m/s
2026-09-13 11:28:43,315 - INFO - 2026-09-13 11:28:43 right_actuator_position: 819 (counts) from v_R 0.675 m/s
2026-09-13 11:28:43,328 - INFO - Sent actuator positions to RoboClaw → M1 (left): 1088, M2 (right): 819 (counts)
2026-09-13 11:28:43,328 - INFO - 2026-09-13 11:28:43 APPLY → left_pos: 1088, right_pos: 819 (counts), v_L: 0.33 m/s, v_R: 0.68 m/s
2026-09-13 11:28:43,329 - INFO - 2026-09-13 11:28:43 Path tracking needs correction: heading_ok=False (alpha=68.1deg), distance_ok=False (cross=0.607m)
2026-09-13 11:28:43,516 - INFO - 2026-09-13 11:28:43 [3.4 OBSERVED] current_turn_radius: 3.49m
2026-09-13 11:28:43,516 - INFO - 2026-09-13 11:28:43 [3.4 OBSERVED] turn_direction: LEFT
2026-09-13 11:28:43,516 - INFO - 2026-09-13 11:28:43 [3.4 OBSERVED] estimated left/right wheel speeds: 1.211, 1.481 m/s
2026-09-13 11:28:43,518 - INFO - 2026-09-13 11:28:43 [STATE] Current state: FOLLOWING_PATH
2026-09-13 11:28:43,518 - INFO - 2026-09-13 11:28:43 [SPEED] tight-turn cap: R=1.00m -> 0.500 m/s
2026-09-13 11:28:43,518 - INFO - 2026-09-13 11:28:43 [FOLLOW] TRACK: progress=4.26m/37.2m seg=3 cross=0.75m alpha=-78.2° target=(-0.07,4.25) R=1.00 LEFT v=0.50 dwell=0.0s
2026-09-13 11:28:43,519 - INFO - 2026-09-13 11:28:43 Turn: LEFT, R: 1.00m, v_L: 0.33 m/s, v_R: 0.68 m/s
2026-09-13 11:28:43,519 - INFO - 2026-09-13 11:28:43 left_actuator_position: 1088 (counts) from v_L 0.325 m/s
2026-09-13 11:28:43,519 - INFO - 2026-09-13 11:28:43 right_actuator_position: 819 (counts) from v_R 0.675 m/s
2026-09-13 11:28:43,532 - INFO - Sent actuator positions to RoboClaw → M1 (left): 1088, M2 (right): 819 (counts)
2026-09-13 11:28:43,532 - INFO - 2026-09-13 11:28:43 APPLY → left_pos: 1088, right_pos: 819 (counts), v_L: 0.33 m/s, v_R: 0.68 m/s
2026-09-13 11:28:43,532 - INFO - 2026-09-13 11:28:43 Path tracking needs correction: heading_ok=False (alpha=78.2deg), distance_ok=False (cross=0.754m)
2026-09-13 11:28:43,708 - INFO - 2026-09-13 11:28:43 [3.4 OBSERVED] current_turn_radius: 2.61m
2026-09-13 11:28:43,708 - INFO - 2026-09-13 11:28:43 [3.4 OBSERVED] turn_direction: LEFT
2026-09-13 11:28:43,708 - INFO - 2026-09-13 11:28:43 [3.4 OBSERVED] estimated left/right wheel speeds: 0.973, 1.275 m/s
2026-09-13 11:28:43,711 - INFO - 2026-09-13 11:28:43 [STATE] Current state: FOLLOWING_PATH
2026-09-13 11:28:43,711 - INFO - 2026-09-13 11:28:43 [SPEED] tight-turn cap: R=1.00m -> 0.500 m/s
2026-09-13 11:28:43,711 - INFO - 2026-09-13 11:28:43 [FOLLOW] TRACK: progress=4.26m/37.2m seg=3 cross=0.84m alpha=-88.6° target=(-0.07,4.25) R=1.00 LEFT v=0.50 dwell=0.0s
2026-09-13 11:28:43,712 - INFO - 2026-09-13 11:28:43 Turn: LEFT, R: 1.00m, v_L: 0.33 m/s, v_R: 0.68 m/s
2026-09-13 11:28:43,712 - INFO - 2026-09-13 11:28:43 left_actuator_position: 1088 (counts) from v_L 0.325 m/s
2026-09-13 11:28:43,712 - INFO - 2026-09-13 11:28:43 right_actuator_position: 819 (counts) from v_R 0.675 m/s
2026-09-13 11:28:43,727 - INFO - Sent actuator positions to RoboClaw → M1 (left): 1088, M2 (right): 819 (counts)
2026-09-13 11:28:43,727 - INFO - 2026-09-13 11:28:43 APPLY → left_pos: 1088, right_pos: 819 (counts), v_L: 0.33 m/s, v_R: 0.68 m/s
2026-09-13 11:28:43,728 - INFO - 2026-09-13 11:28:43 Path tracking needs correction: heading_ok=False (alpha=88.6deg), distance_ok=False (cross=0.842m)
2026-09-13 11:28:43,916 - INFO - 2026-09-13 11:28:43 [3.4 OBSERVED] current_turn_radius: 4.67m
2026-09-13 11:28:43,916 - INFO - 2026-09-13 11:28:43 [3.4 OBSERVED] turn_direction: LEFT
2026-09-13 11:28:43,916 - INFO - 2026-09-13 11:28:43 [3.4 OBSERVED] estimated left/right wheel speeds: 1.370, 1.592 m/s
2026-09-13 11:28:43,918 - INFO - 2026-09-13 11:28:43 [STATE] Current state: FOLLOWING_PATH
2026-09-13 11:28:43,918 - INFO - 2026-09-13 11:28:43 [SPEED] tight-turn cap: R=1.00m -> 0.500 m/s
2026-09-13 11:28:43,918 - INFO - 2026-09-13 11:28:43 [FOLLOW] TRACK: progress=4.26m/37.2m seg=3 cross=0.96m alpha=-101.4° target=(-0.07,4.25) R=1.00 LEFT v=0.50 dwell=0.0s
2026-09-13 11:28:43,919 - INFO - 2026-09-13 11:28:43 Turn: LEFT, R: 1.00m, v_L: 0.33 m/s, v_R: 0.68 m/s
2026-09-13 11:28:43,919 - INFO - 2026-09-13 11:28:43 left_actuator_position: 1088 (counts) from v_L 0.325 m/s
2026-09-13 11:28:43,919 - INFO - 2026-09-13 11:28:43 right_actuator_position: 819 (counts) from v_R 0.675 m/s
2026-09-13 11:28:43,931 - INFO - Sent actuator positions to RoboClaw → M1 (left): 1088, M2 (right): 819 (counts)
2026-09-13 11:28:43,931 - INFO - 2026-09-13 11:28:43 APPLY → left_pos: 1088, right_pos: 819 (counts), v_L: 0.33 m/s, v_R: 0.68 m/s
2026-09-13 11:28:43,931 - INFO - 2026-09-13 11:28:43 Path tracking needs correction: heading_ok=False (alpha=101.4deg), distance_ok=False (cross=0.959m)
2026-09-13 11:28:44,139 - INFO - 2026-09-13 11:28:44 [3.4 OBSERVED] current_turn_radius: 4.76m
2026-09-13 11:28:44,139 - INFO - 2026-09-13 11:28:44 [3.4 OBSERVED] turn_direction: LEFT
2026-09-13 11:28:44,139 - INFO - 2026-09-13 11:28:44 [3.4 OBSERVED] estimated left/right wheel speeds: 1.536, 1.780 m/s
2026-09-13 11:28:44,141 - INFO - 2026-09-13 11:28:44 [STATE] Current state: FOLLOWING_PATH
2026-09-13 11:28:44,141 - INFO - 2026-09-13 11:28:44 [SPEED] tight-turn cap: R=1.00m -> 0.500 m/s
2026-09-13 11:28:44,141 - INFO - 2026-09-13 11:28:44 [FOLLOW] TRACK: progress=5.83m/37.2m seg=4 cross=1.03m alpha=-51.8° target=(-0.12,5.83) R=1.00 LEFT v=0.50 dwell=0.0s
2026-09-13 11:28:44,142 - INFO - 2026-09-13 11:28:44 Turn: LEFT, R: 1.00m, v_L: 0.33 m/s, v_R: 0.68 m/s
2026-09-13 11:28:44,142 - INFO - 2026-09-13 11:28:44 left_actuator_position: 1088 (counts) from v_L 0.325 m/s
2026-09-13 11:28:44,142 - INFO - 2026-09-13 11:28:44 right_actuator_position: 819 (counts) from v_R 0.675 m/s
2026-09-13 11:28:44,155 - INFO - Sent actuator positions to RoboClaw → M1 (left): 1088, M2 (right): 819 (counts)
2026-09-13 11:28:44,155 - INFO - 2026-09-13 11:28:44 APPLY → left_pos: 1088, right_pos: 819 (counts), v_L: 0.33 m/s, v_R: 0.68 m/s
2026-09-13 11:28:44,155 - INFO - 2026-09-13 11:28:44 Path tracking needs correction: heading_ok=False (alpha=51.8deg), distance_ok=False (cross=1.030m)
2026-09-13 11:28:44,314 - INFO - 2026-09-13 11:28:44 [3.4 OBSERVED] current_turn_radius: 4.40m
2026-09-13 11:28:44,314 - INFO - 2026-09-13 11:28:44 [3.4 OBSERVED] turn_direction: RIGHT
2026-09-13 11:28:44,314 - INFO - 2026-09-13 11:28:44 [3.4 OBSERVED] estimated left/right wheel speeds: 1.482, 1.264 m/s
2026-09-13 11:28:44,317 - INFO - 2026-09-13 11:28:44 [STATE] Current state: FOLLOWING_PATH
2026-09-13 11:28:44,317 - INFO - 2026-09-13 11:28:44 [SPEED] tight-turn cap: R=1.00m -> 0.500 m/s
2026-09-13 11:28:44,317 - INFO - 2026-09-13 11:28:44 [FOLLOW] TRACK: progress=5.83m/37.2m seg=4 cross=1.08m alpha=-62.3° target=(-0.12,5.83) R=1.00 LEFT v=0.50 dwell=0.0s
2026-09-13 11:28:44,318 - INFO - 2026-09-13 11:28:44 Turn: LEFT, R: 1.00m, v_L: 0.33 m/s, v_R: 0.68 m/s
2026-09-13 11:28:44,318 - INFO - 2026-09-13 11:28:44 left_actuator_position: 1088 (counts) from v_L 0.325 m/s
2026-09-13 11:28:44,318 - INFO - 2026-09-13 11:28:44 right_actuator_position: 819 (counts) from v_R 0.675 m/s
2026-09-13 11:28:44,331 - INFO - Sent actuator positions to RoboClaw → M1 (left): 1088, M2 (right): 819 (counts)
2026-09-13 11:28:44,331 - INFO - 2026-09-13 11:28:44 APPLY → left_pos: 1088, right_pos: 819 (counts), v_L: 0.33 m/s, v_R: 0.68 m/s
2026-09-13 11:28:44,331 - INFO - 2026-09-13 11:28:44 Path tracking needs correction: heading_ok=False (alpha=62.3deg), distance_ok=False (cross=1.082m)
2026-09-13 11:28:44,500 - INFO - 2026-09-13 11:28:44 [3.4 OBSERVED] current_turn_radius: 4.54m
2026-09-13 11:28:44,500 - INFO - 2026-09-13 11:28:44 [3.4 OBSERVED] turn_direction: LEFT
2026-09-13 11:28:44,500 - INFO - 2026-09-13 11:28:44 [3.4 OBSERVED] estimated left/right wheel speeds: 0.824, 0.962 m/s
2026-09-13 11:28:44,501 - INFO - 2026-09-13 11:28:44 [STATE] Current state: FOLLOWING_PATH
2026-09-13 11:28:44,502 - INFO - 2026-09-13 11:28:44 [SPEED] tight-turn cap: R=1.00m -> 0.500 m/s
2026-09-13 11:28:44,502 - INFO - 2026-09-13 11:28:44 [FOLLOW] TRACK: progress=5.83m/37.2m seg=4 cross=1.15m alpha=-66.2° target=(-0.12,5.83) R=1.00 LEFT v=0.50 dwell=0.0s
2026-09-13 11:28:44,502 - INFO - 2026-09-13 11:28:44 Turn: LEFT, R: 1.00m, v_L: 0.33 m/s, v_R: 0.68 m/s
2026-09-13 11:28:44,502 - INFO - 2026-09-13 11:28:44 left_actuator_position: 1088 (counts) from v_L 0.325 m/s
2026-09-13 11:28:44,502 - INFO - 2026-09-13 11:28:44 right_actuator_position: 819 (counts) from v_R 0.675 m/s
2026-09-13 11:28:44,515 - INFO - Sent actuator positions to RoboClaw → M1 (left): 1088, M2 (right): 819 (counts)
2026-09-13 11:28:44,515 - INFO - 2026-09-13 11:28:44 APPLY → left_pos: 1088, right_pos: 819 (counts), v_L: 0.33 m/s, v_R: 0.68 m/s
2026-09-13 11:28:44,515 - INFO - 2026-09-13 11:28:44 Path tracking needs correction: heading_ok=False (alpha=66.2deg), distance_ok=False (cross=1.145m)
2026-09-13 11:28:44,723 - INFO - 2026-09-13 11:28:44 [3.4 OBSERVED] current_turn_radius: 4.60m
2026-09-13 11:28:44,723 - INFO - 2026-09-13 11:28:44 [3.4 OBSERVED] turn_direction: LEFT
2026-09-13 11:28:44,723 - INFO - 2026-09-13 11:28:44 [3.4 OBSERVED] estimated left/right wheel speeds: 0.633, 0.737 m/s
2026-09-13 11:28:44,725 - INFO - 2026-09-13 11:28:44 [STATE] Current state: FOLLOWING_PATH
2026-09-13 11:28:44,725 - INFO - 2026-09-13 11:28:44 [SPEED] tight-turn cap: R=1.00m -> 0.500 m/s
2026-09-13 11:28:44,725 - INFO - 2026-09-13 11:28:44 [FOLLOW] TRACK: progress=5.83m/37.2m seg=4 cross=1.22m alpha=-70.5° target=(-0.12,5.83) R=1.00 LEFT v=0.50 dwell=0.0s
2026-09-13 11:28:44,725 - INFO - 2026-09-13 11:28:44 Turn: LEFT, R: 1.00m, v_L: 0.33 m/s, v_R: 0.68 m/s
2026-09-13 11:28:44,726 - INFO - 2026-09-13 11:28:44 left_actuator_position: 1088 (counts) from v_L 0.325 m/s
2026-09-13 11:28:44,726 - INFO - 2026-09-13 11:28:44 right_actuator_position: 819 (counts) from v_R 0.675 m/s
2026-09-13 11:28:44,738 - INFO - Sent actuator positions to RoboClaw → M1 (left): 1088, M2 (right): 819 (counts)
2026-09-13 11:28:44,738 - INFO - 2026-09-13 11:28:44 APPLY → left_pos: 1088, right_pos: 819 (counts), v_L: 0.33 m/s, v_R: 0.68 m/s
2026-09-13 11:28:44,738 - INFO - 2026-09-13 11:28:44 Path tracking needs correction: heading_ok=False (alpha=70.5deg), distance_ok=False (cross=1.223m)
2026-09-13 11:28:44,910 - INFO - 2026-09-13 11:28:44 [3.4 OBSERVED] current_turn_radius: 1.56m
2026-09-13 11:28:44,910 - INFO - 2026-09-13 11:28:44 [3.4 OBSERVED] turn_direction: LEFT
2026-09-13 11:28:44,910 - INFO - 2026-09-13 11:28:44 [3.4 OBSERVED] estimated left/right wheel speeds: 0.630, 0.993 m/s
2026-09-13 11:28:44,912 - INFO - 2026-09-13 11:28:44 [STATE] Current state: FOLLOWING_PATH
2026-09-13 11:28:44,912 - INFO - 2026-09-13 11:28:44 [SPEED] tight-turn cap: R=1.00m -> 0.500 m/s
2026-09-13 11:28:44,912 - INFO - 2026-09-13 11:28:44 [FOLLOW] TRACK: progress=5.83m/37.2m seg=4 cross=1.27m alpha=-70.2° target=(-0.12,5.83) R=1.00 LEFT v=0.50 dwell=0.0s
2026-09-13 11:28:44,912 - INFO - 2026-09-13 11:28:44 Turn: LEFT, R: 1.00m, v_L: 0.33 m/s, v_R: 0.68 m/s
2026-09-13 11:28:44,913 - INFO - 2026-09-13 11:28:44 left_actuator_position: 1088 (counts) from v_L 0.325 m/s
2026-09-13 11:28:44,913 - INFO - 2026-09-13 11:28:44 right_actuator_position: 819 (counts) from v_R 0.675 m/s
2026-09-13 11:28:44,925 - INFO - Sent actuator positions to RoboClaw → M1 (left): 1088, M2 (right): 819 (counts)
2026-09-13 11:28:44,925 - INFO - 2026-09-13 11:28:44 APPLY → left_pos: 1088, right_pos: 819 (counts), v_L: 0.33 m/s, v_R: 0.68 m/s
2026-09-13 11:28:44,925 - INFO - 2026-09-13 11:28:44 Path tracking needs correction: heading_ok=False (alpha=70.2deg), distance_ok=False (cross=1.270m)
2026-09-13 11:28:45,119 - INFO - 2026-09-13 11:28:45 [3.4 OBSERVED] current_turn_radius: 1.06m
2026-09-13 11:28:45,119 - INFO - 2026-09-13 11:28:45 [3.4 OBSERVED] turn_direction: LEFT
2026-09-13 11:28:45,119 - INFO - 2026-09-13 11:28:45 [3.4 OBSERVED] estimated left/right wheel speeds: 0.517, 1.029 m/s
2026-09-13 11:28:45,121 - INFO - 2026-09-13 11:28:45 [STATE] Current state: FOLLOWING_PATH
2026-09-13 11:28:45,121 - INFO - 2026-09-13 11:28:45 [SPEED] tight-turn cap: R=1.00m -> 0.500 m/s
2026-09-13 11:28:45,121 - INFO - 2026-09-13 11:28:45 [FOLLOW] TRACK: progress=5.83m/37.2m seg=4 cross=1.27m alpha=-67.5° target=(-0.12,5.83) R=1.00 LEFT v=0.50 dwell=0.0s
2026-09-13 11:28:45,122 - INFO - 2026-09-13 11:28:45 Turn: LEFT, R: 1.00m, v_L: 0.33 m/s, v_R: 0.68 m/s
2026-09-13 11:28:45,122 - INFO - 2026-09-13 11:28:45 left_actuator_position: 1088 (counts) from v_L 0.325 m/s
2026-09-13 11:28:45,122 - INFO - 2026-09-13 11:28:45 right_actuator_position: 819 (counts) from v_R 0.675 m/s
2026-09-13 11:28:45,134 - INFO - Sent actuator positions to RoboClaw → M1 (left): 1088, M2 (right): 819 (counts)
2026-09-13 11:28:45,134 - INFO - 2026-09-13 11:28:45 APPLY → left_pos: 1088, right_pos: 819 (counts), v_L: 0.33 m/s, v_R: 0.68 m/s
2026-09-13 11:28:45,135 - INFO - 2026-09-13 11:28:45 Path tracking needs correction: heading_ok=False (alpha=67.5deg), distance_ok=False (cross=1.275m)
2026-09-13 11:28:45,304 - INFO - 2026-09-13 11:28:45 [3.4 OBSERVED] current_turn_radius: 1.06m
2026-09-13 11:28:45,304 - INFO - 2026-09-13 11:28:45 [3.4 OBSERVED] turn_direction: LEFT
2026-09-13 11:28:45,304 - INFO - 2026-09-13 11:28:45 [3.4 OBSERVED] estimated left/right wheel speeds: 0.269, 0.534 m/s
2026-09-13 11:28:45,308 - INFO - 2026-09-13 11:28:45 [STATE] Current state: FOLLOWING_PATH
2026-09-13 11:28:45,308 - INFO - 2026-09-13 11:28:45 [FOLLOW] TRACK: progress=5.83m/37.2m seg=4 cross=1.29m alpha=-67.3° target=(-0.12,5.83) R=890.14 RIGHT v=1.43 dwell=0.0s
2026-09-13 11:28:45,308 - INFO - 2026-09-13 11:28:45 Turn: RIGHT, R: 890.14m, v_L: 1.43 m/s, v_R: 1.43 m/s
2026-09-13 11:28:45,308 - INFO - 2026-09-13 11:28:45 left_actuator_position: 420 (counts) from v_L 1.430 m/s
2026-09-13 11:28:45,309 - INFO - 2026-09-13 11:28:45 right_actuator_position: 420 (counts) from v_R 1.428 m/s
2026-09-13 11:28:45,321 - INFO - Sent actuator positions to RoboClaw → M1 (left): 420, M2 (right): 420 (counts)
2026-09-13 11:28:45,321 - INFO - 2026-09-13 11:28:45 APPLY → left_pos: 420, right_pos: 420 (counts), v_L: 1.43 m/s, v_R: 1.43 m/s
2026-09-13 11:28:45,321 - INFO - 2026-09-13 11:28:45 Path tracking needs correction: heading_ok=False (alpha=67.3deg), distance_ok=False (cross=1.292m)
2026-09-13 11:28:45,510 - INFO - 2026-09-13 11:28:45 [3.4 OBSERVED] current_turn_radius: 0.48m
2026-09-13 11:28:45,510 - INFO - 2026-09-13 11:28:45 [3.4 OBSERVED] turn_direction: LEFT
2026-09-13 11:28:45,510 - INFO - 2026-09-13 11:28:45 [3.4 OBSERVED] estimated left/right wheel speeds: 0.082, 0.508 m/s
2026-09-13 11:28:45,511 - INFO - 2026-09-13 11:28:45 [STATE] Current state: FOLLOWING_PATH
2026-09-13 11:28:45,511 - INFO - 2026-09-13 11:28:45 [FOLLOW] TRACK: progress=5.83m/37.2m seg=4 cross=1.29m alpha=-63.1° target=(-0.12,5.83) R=80.92 RIGHT v=1.43 dwell=0.0s
2026-09-13 11:28:45,512 - INFO - 2026-09-13 11:28:45 Turn: RIGHT, R: 80.92m, v_L: 1.44 m/s, v_R: 1.42 m/s
2026-09-13 11:28:45,512 - INFO - 2026-09-13 11:28:45 left_actuator_position: 420 (counts) from v_L 1.435 m/s
2026-09-13 11:28:45,512 - INFO - 2026-09-13 11:28:45 right_actuator_position: 420 (counts) from v_R 1.423 m/s
2026-09-13 11:28:45,527 - INFO - Sent actuator positions to RoboClaw → M1 (left): 420, M2 (right): 420 (counts)
2026-09-13 11:28:45,527 - INFO - 2026-09-13 11:28:45 APPLY → left_pos: 420, right_pos: 420 (counts), v_L: 1.44 m/s, v_R: 1.42 m/s
2026-09-13 11:28:45,528 - INFO - 2026-09-13 11:28:45 Path tracking needs correction: heading_ok=False (alpha=63.1deg), distance_ok=False (cross=1.294m)
2026-09-13 11:28:45,708 - INFO - 2026-09-13 11:28:45 [3.4 OBSERVED] current_turn_radius: 0.70m
2026-09-13 11:28:45,708 - INFO - 2026-09-13 11:28:45 [3.4 OBSERVED] turn_direction: LEFT
2026-09-13 11:28:45,708 - INFO - 2026-09-13 11:28:45 [3.4 OBSERVED] estimated left/right wheel speeds: 0.243, 0.730 m/s
2026-09-13 11:28:45,711 - INFO - 2026-09-13 11:28:45 [STATE] Current state: FOLLOWING_PATH
2026-09-13 11:28:45,711 - INFO - 2026-09-13 11:28:45 [FOLLOW] TRACK: progress=5.83m/37.2m seg=4 cross=1.30m alpha=-59.0° target=(-0.12,5.83) R=26.05 RIGHT v=1.43 dwell=0.0s
2026-09-13 11:28:45,711 - INFO - 2026-09-13 11:28:45 Turn: RIGHT, R: 26.05m, v_L: 1.45 m/s, v_R: 1.41 m/s
2026-09-13 11:28:45,711 - INFO - 2026-09-13 11:28:45 left_actuator_position: 420 (counts) from v_L 1.448 m/s
2026-09-13 11:28:45,712 - INFO - 2026-09-13 11:28:45 right_actuator_position: 420 (counts) from v_R 1.410 m/s
2026-09-13 11:28:45,727 - INFO - Sent actuator positions to RoboClaw → M1 (left): 420, M2 (right): 420 (counts)
2026-09-13 11:28:45,727 - INFO - 2026-09-13 11:28:45 APPLY → left_pos: 420, right_pos: 420 (counts), v_L: 1.45 m/s, v_R: 1.41 m/s
2026-09-13 11:28:45,728 - INFO - 2026-09-13 11:28:45 Path tracking needs correction: heading_ok=False (alpha=59.0deg), distance_ok=False (cross=1.297m)
2026-09-13 11:28:45,915 - INFO - 2026-09-13 11:28:45 [3.4 OBSERVED] current_turn_radius: 0.93m
2026-09-13 11:28:45,915 - INFO - 2026-09-13 11:28:45 [3.4 OBSERVED] turn_direction: LEFT
2026-09-13 11:28:45,915 - INFO - 2026-09-13 11:28:45 [3.4 OBSERVED] estimated left/right wheel speeds: 0.385, 0.850 m/s
2026-09-13 11:28:45,918 - INFO - 2026-09-13 11:28:45 [STATE] Current state: FOLLOWING_PATH
2026-09-13 11:28:45,918 - INFO - 2026-09-13 11:28:45 [FOLLOW] TRACK: progress=5.83m/37.2m seg=4 cross=1.29m alpha=-56.7° target=(-0.12,5.83) R=12.68 RIGHT v=1.43 dwell=0.0s
2026-09-13 11:28:45,918 - INFO - 2026-09-13 11:28:45 Turn: RIGHT, R: 12.68m, v_L: 1.47 m/s, v_R: 1.39 m/s
2026-09-13 11:28:45,918 - INFO - 2026-09-13 11:28:45 left_actuator_position: 420 (counts) from v_L 1.468 m/s
2026-09-13 11:28:45,919 - INFO - 2026-09-13 11:28:45 right_actuator_position: 420 (counts) from v_R 1.390 m/s
2026-09-13 11:28:45,931 - INFO - Sent actuator positions to RoboClaw → M1 (left): 420, M2 (right): 420 (counts)
2026-09-13 11:28:45,931 - INFO - 2026-09-13 11:28:45 APPLY → left_pos: 420, right_pos: 420 (counts), v_L: 1.47 m/s, v_R: 1.39 m/s
2026-09-13 11:28:45,932 - INFO - 2026-09-13 11:28:45 Path tracking needs correction: heading_ok=False (alpha=56.7deg), distance_ok=False (cross=1.286m)
2026-09-13 11:28:46,125 - INFO - 2026-09-13 11:28:46 [3.4 OBSERVED] current_turn_radius: 0.83m
2026-09-13 11:28:46,125 - INFO - 2026-09-13 11:28:46 [3.4 OBSERVED] turn_direction: LEFT
2026-09-13 11:28:46,125 - INFO - 2026-09-13 11:28:46 [3.4 OBSERVED] estimated left/right wheel speeds: 0.402, 0.992 m/s
2026-09-13 11:28:46,127 - INFO - 2026-09-13 11:28:46 [STATE] Current state: FOLLOWING_PATH
2026-09-13 11:28:46,128 - INFO - 2026-09-13 11:28:46 [FOLLOW] TRACK: progress=5.83m/37.2m seg=4 cross=1.29m alpha=-52.3° target=(-0.12,5.83) R=6.69 RIGHT v=1.43 dwell=0.0s
2026-09-13 11:28:46,128 - INFO - 2026-09-13 11:28:46 Turn: RIGHT, R: 6.69m, v_L: 1.50 m/s, v_R: 1.35 m/s
2026-09-13 11:28:46,128 - INFO - 2026-09-13 11:28:46 left_actuator_position: 420 (counts) from v_L 1.504 m/s
2026-09-13 11:28:46,128 - INFO - 2026-09-13 11:28:46 right_actuator_position: 420 (counts) from v_R 1.354 m/s
2026-09-13 11:28:46,141 - INFO - Sent actuator positions to RoboClaw → M1 (left): 420, M2 (right): 420 (counts)
2026-09-13 11:28:46,141 - INFO - 2026-09-13 11:28:46 APPLY → left_pos: 420, right_pos: 420 (counts), v_L: 1.50 m/s, v_R: 1.35 m/s
2026-09-13 11:28:46,141 - INFO - 2026-09-13 11:28:46 Path tracking needs correction: heading_ok=False (alpha=52.3deg), distance_ok=False (cross=1.289m)
2026-09-13 11:28:46,309 - INFO - 2026-09-13 11:28:46 [3.4 OBSERVED] current_turn_radius: 0.93m
2026-09-13 11:28:46,309 - INFO - 2026-09-13 11:28:46 [3.4 OBSERVED] turn_direction: LEFT
2026-09-13 11:28:46,309 - INFO - 2026-09-13 11:28:46 [3.4 OBSERVED] estimated left/right wheel speeds: 0.617, 1.358 m/s
2026-09-13 11:28:46,311 - INFO - 2026-09-13 11:28:46 [STATE] Current state: FOLLOWING_PATH
2026-09-13 11:28:46,311 - INFO - 2026-09-13 11:28:46 [FOLLOW] TRACK: progress=7.44m/37.2m seg=5 cross=1.21m alpha=8.1° target=(-0.16,7.44) R=3.68 RIGHT v=1.43 dwell=0.0s
2026-09-13 11:28:46,311 - INFO - 2026-09-13 11:28:46 Turn: RIGHT, R: 3.68m, v_L: 1.57 m/s, v_R: 1.29 m/s
2026-09-13 11:28:46,311 - INFO - 2026-09-13 11:28:46 left_actuator_position: 420 (counts) from v_L 1.565 m/s
2026-09-13 11:28:46,312 - INFO - 2026-09-13 11:28:46 right_actuator_position: 420 (counts) from v_R 1.293 m/s
2026-09-13 11:28:46,324 - INFO - Sent actuator positions to RoboClaw → M1 (left): 420, M2 (right): 420 (counts)
2026-09-13 11:28:46,324 - INFO - 2026-09-13 11:28:46 APPLY → left_pos: 420, right_pos: 420 (counts), v_L: 1.57 m/s, v_R: 1.29 m/s
2026-09-13 11:28:46,324 - INFO - 2026-09-13 11:28:46 Path tracking needs correction: heading_ok=True (alpha=8.1deg), distance_ok=False (cross=1.206m)
2026-09-13 11:28:46,508 - INFO - 2026-09-13 11:28:46 [3.4 OBSERVED] current_turn_radius: 1.20m
2026-09-13 11:28:46,508 - INFO - 2026-09-13 11:28:46 [3.4 OBSERVED] turn_direction: LEFT
2026-09-13 11:28:46,508 - INFO - 2026-09-13 11:28:46 [3.4 OBSERVED] estimated left/right wheel speeds: 0.887, 1.614 m/s
2026-09-13 11:28:46,511 - INFO - 2026-09-13 11:28:46 [STATE] Current state: FOLLOWING_PATH
2026-09-13 11:28:46,511 - INFO - 2026-09-13 11:28:46 [FOLLOW] TRACK: progress=7.44m/37.2m seg=5 cross=1.05m alpha=19.5° target=(-0.16,7.44) R=2.13 RIGHT v=1.43 dwell=0.0s
2026-09-13 11:28:46,511 - INFO - 2026-09-13 11:28:46 Turn: RIGHT, R: 2.13m, v_L: 1.66 m/s, v_R: 1.19 m/s
2026-09-13 11:28:46,511 - INFO - 2026-09-13 11:28:46 left_actuator_position: 420 (counts) from v_L 1.663 m/s
2026-09-13 11:28:46,512 - INFO - 2026-09-13 11:28:46 right_actuator_position: 420 (counts) from v_R 1.195 m/s
2026-09-13 11:28:46,523 - INFO - Sent actuator positions to RoboClaw → M1 (left): 420, M2 (right): 420 (counts)
2026-09-13 11:28:46,523 - INFO - 2026-09-13 11:28:46 APPLY → left_pos: 420, right_pos: 420 (counts), v_L: 1.66 m/s, v_R: 1.19 m/s
2026-09-13 11:28:46,524 - INFO - 2026-09-13 11:28:46 Path tracking needs correction: heading_ok=False (alpha=19.5deg), distance_ok=False (cross=1.050m)
2026-09-13 11:28:46,730 - INFO - 2026-09-13 11:28:46 [3.4 OBSERVED] current_turn_radius: 2.19m
2026-09-13 11:28:46,730 - INFO - 2026-09-13 11:28:46 [3.4 OBSERVED] turn_direction: LEFT
2026-09-13 11:28:46,730 - INFO - 2026-09-13 11:28:46 [3.4 OBSERVED] estimated left/right wheel speeds: 1.136, 1.568 m/s
2026-09-13 11:28:46,733 - INFO - 2026-09-13 11:28:46 [STATE] Current state: FOLLOWING_PATH
2026-09-13 11:28:46,734 - INFO - 2026-09-13 11:28:46 [SPEED] tight-turn cap: R=1.34m -> 0.670 m/s
2026-09-13 11:28:46,734 - INFO - 2026-09-13 11:28:46 [FOLLOW] TRACK: progress=7.44m/37.2m seg=5 cross=0.82m alpha=31.1° target=(-0.16,7.44) R=1.34 RIGHT v=0.67 dwell=0.0s
2026-09-13 11:28:46,734 - INFO - 2026-09-13 11:28:46 Turn: RIGHT, R: 1.34m, v_L: 0.85 m/s, v_R: 0.50 m/s
2026-09-13 11:28:46,734 - INFO - 2026-09-13 11:28:46 left_actuator_position: 688 (counts) from v_L 0.845 m/s
2026-09-13 11:28:46,734 - INFO - 2026-09-13 11:28:46 right_actuator_position: 957 (counts) from v_R 0.495 m/s
2026-09-13 11:28:46,745 - INFO - Sent actuator positions to RoboClaw → M1 (left): 688, M2 (right): 957 (counts)
2026-09-13 11:28:46,745 - INFO - 2026-09-13 11:28:46 APPLY → left_pos: 688, right_pos: 957 (counts), v_L: 0.85 m/s, v_R: 0.50 m/s
2026-09-13 11:28:46,745 - INFO - 2026-09-13 11:28:46 Path tracking needs correction: heading_ok=False (alpha=31.1deg), distance_ok=False (cross=0.820m)
2026-09-13 11:28:46,907 - INFO - 2026-09-13 11:28:46 [3.4 OBSERVED] current_turn_radius: 1.46m
2026-09-13 11:28:46,907 - INFO - 2026-09-13 11:28:46 [3.4 OBSERVED] turn_direction: LEFT
2026-09-13 11:28:46,907 - INFO - 2026-09-13 11:28:46 [3.4 OBSERVED] estimated left/right wheel speeds: 0.852, 1.390 m/s
2026-09-13 11:28:46,910 - INFO - 2026-09-13 11:28:46 [STATE] Current state: FOLLOWING_PATH
2026-09-13 11:28:46,910 - INFO - 2026-09-13 11:28:46 [SPEED] tight-turn cap: R=0.86m -> 0.500 m/s
2026-09-13 11:28:46,910 - INFO - 2026-09-13 11:28:46 [FOLLOW] TRACK: progress=7.44m/37.2m seg=5 cross=0.63m alpha=42.4° target=(-0.16,7.44) R=0.86 RIGHT v=0.50 dwell=0.0s
2026-09-13 11:28:46,910 - INFO - 2026-09-13 11:28:46 Turn: RIGHT, R: 0.86m, v_L: 0.70 m/s, v_R: 0.30 m/s
2026-09-13 11:28:46,911 - INFO - 2026-09-13 11:28:46 left_actuator_position: 797 (counts) from v_L 0.703 m/s
2026-09-13 11:28:46,911 - INFO - 2026-09-13 11:28:46 right_actuator_position: 1100 (counts) from v_R 0.297 m/s
2026-09-13 11:28:46,924 - INFO - Sent actuator positions to RoboClaw → M1 (left): 797, M2 (right): 1100 (counts)
2026-09-13 11:28:46,924 - INFO - 2026-09-13 11:28:46 APPLY → left_pos: 797, right_pos: 1100 (counts), v_L: 0.70 m/s, v_R: 0.30 m/s
2026-09-13 11:28:46,925 - INFO - 2026-09-13 11:28:46 Path tracking needs correction: heading_ok=False (alpha=42.4deg), distance_ok=False (cross=0.633m)
2026-09-13 11:28:47,109 - INFO - 2026-09-13 11:28:47 [3.4 OBSERVED] current_turn_radius: 7.13m
2026-09-13 11:28:47,109 - INFO - 2026-09-13 11:28:47 [3.4 OBSERVED] turn_direction: LEFT
2026-09-13 11:28:47,109 - INFO - 2026-09-13 11:28:47 [3.4 OBSERVED] estimated left/right wheel speeds: 1.014, 1.119 m/s
2026-09-13 11:28:47,113 - INFO - 2026-09-13 11:28:47 [STATE] Current state: FOLLOWING_PATH
2026-09-13 11:28:47,113 - INFO - 2026-09-13 11:28:47 [SPEED] tight-turn cap: R=0.55m -> 0.500 m/s
2026-09-13 11:28:47,113 - INFO - 2026-09-13 11:28:47 [FOLLOW] TRACK: progress=7.44m/37.2m seg=5 cross=0.41m alpha=53.5° target=(-0.16,7.44) R=0.55 RIGHT v=0.50 dwell=0.0s
2026-09-13 11:28:47,114 - INFO - 2026-09-13 11:28:47 Turn: RIGHT, R: 0.55m, v_L: 0.82 m/s, v_R: 0.18 m/s
2026-09-13 11:28:47,114 - INFO - 2026-09-13 11:28:47 left_actuator_position: 708 (counts) from v_L 0.819 m/s
2026-09-13 11:28:47,114 - INFO - 2026-09-13 11:28:47 right_actuator_position: 1100 (counts) from v_R 0.181 m/s
2026-09-13 11:28:47,127 - INFO - Sent actuator positions to RoboClaw → M1 (left): 708, M2 (right): 1100 (counts)
2026-09-13 11:28:47,127 - INFO - 2026-09-13 11:28:47 APPLY → left_pos: 708, right_pos: 1100 (counts), v_L: 0.82 m/s, v_R: 0.18 m/s
2026-09-13 11:28:47,127 - INFO - 2026-09-13 11:28:47 Path tracking needs correction: heading_ok=False (alpha=53.5deg), distance_ok=False (cross=0.413m)
2026-09-13 11:28:47,313 - INFO - 2026-09-13 11:28:47 [3.4 OBSERVED] current_turn_radius: 3.13m
2026-09-13 11:28:47,313 - INFO - 2026-09-13 11:28:47 [3.4 OBSERVED] turn_direction: LEFT
2026-09-13 11:28:47,313 - INFO - 2026-09-13 11:28:47 [3.4 OBSERVED] estimated left/right wheel speeds: 0.595, 0.745 m/s
2026-09-13 11:28:47,315 - INFO - 2026-09-13 11:28:47 [STATE] Current state: FOLLOWING_PATH
2026-09-13 11:28:47,315 - INFO - 2026-09-13 11:28:47 [SPEED] tight-turn cap: R=0.36m -> 0.500 m/s
2026-09-13 11:28:47,315 - INFO - 2026-09-13 11:28:47 [FOLLOW] TRACK: progress=7.44m/37.2m seg=5 cross=0.28m alpha=62.2° target=(-0.16,7.44) R=0.36 RIGHT v=0.50 dwell=0.0s
2026-09-13 11:28:47,315 - INFO - 2026-09-13 11:28:47 Turn: RIGHT, R: 0.36m, v_L: 0.98 m/s, v_R: 0.02 m/s
2026-09-13 11:28:47,316 - INFO - 2026-09-13 11:28:47 left_actuator_position: 581 (counts) from v_L 0.985 m/s
2026-09-13 11:28:47,316 - INFO - 2026-09-13 11:28:47 right_actuator_position: 1100 (counts) from v_R 0.015 m/s
2026-09-13 11:28:47,330 - INFO - Sent actuator positions to RoboClaw → M1 (left): 581, M2 (right): 1100 (counts)
2026-09-13 11:28:47,330 - INFO - 2026-09-13 11:28:47 APPLY → left_pos: 581, right_pos: 1100 (counts), v_L: 0.98 m/s, v_R: 0.02 m/s
2026-09-13 11:28:47,330 - INFO - 2026-09-13 11:28:47 Path tracking needs correction: heading_ok=False (alpha=62.2deg), distance_ok=True (cross=0.282m)
2026-09-13 11:28:47,514 - INFO - 2026-09-13 11:28:47 [3.4 OBSERVED] current_turn_radius: 7.57m
2026-09-13 11:28:47,514 - INFO - 2026-09-13 11:28:47 [3.4 OBSERVED] turn_direction: LEFT
2026-09-13 11:28:47,514 - INFO - 2026-09-13 11:28:47 [3.4 OBSERVED] estimated left/right wheel speeds: 0.631, 0.692 m/s
2026-09-13 11:28:47,517 - INFO - 2026-09-13 11:28:47 [STATE] Current state: FOLLOWING_PATH
2026-09-13 11:28:47,517 - INFO - 2026-09-13 11:28:47 [FOLLOW] TRACK: progress=7.44m/37.2m seg=5 cross=0.15m alpha=70.8° target=(-0.16,7.44) R=inf STRAIGHT v=1.43 dwell=0.0s
2026-09-13 11:28:47,517 - WARNING - Unexpected turn_direction: STRAIGHT, defaulting to straight
2026-09-13 11:28:47,517 - INFO - 2026-09-13 11:28:47 Turn: STRAIGHT, R: infm, v_L: 1.43 m/s, v_R: 1.43 m/s
2026-09-13 11:28:47,517 - INFO - 2026-09-13 11:28:47 left_actuator_position: 420 (counts) from v_L 1.429 m/s
2026-09-13 11:28:47,518 - INFO - 2026-09-13 11:28:47 right_actuator_position: 420 (counts) from v_R 1.429 m/s
2026-09-13 11:28:47,533 - INFO - Sent actuator positions to RoboClaw → M1 (left): 420, M2 (right): 420 (counts)
2026-09-13 11:28:47,533 - INFO - 2026-09-13 11:28:47 APPLY → left_pos: 420, right_pos: 420 (counts), v_L: 1.43 m/s, v_R: 1.43 m/s
2026-09-13 11:28:47,534 - INFO - 2026-09-13 11:28:47 Path tracking needs correction: heading_ok=False (alpha=70.8deg), distance_ok=True (cross=0.151m)
2026-09-13 11:28:47,720 - INFO - 2026-09-13 11:28:47 [3.4 OBSERVED] current_turn_radius: 2.77m
2026-09-13 11:28:47,720 - INFO - 2026-09-13 11:28:47 [3.4 OBSERVED] turn_direction: LEFT
2026-09-13 11:28:47,720 - INFO - 2026-09-13 11:28:47 [3.4 OBSERVED] estimated left/right wheel speeds: 0.472, 0.609 m/s
2026-09-13 11:28:47,723 - INFO - 2026-09-13 11:28:47 [STATE] Current state: FOLLOWING_PATH
2026-09-13 11:28:47,723 - INFO - 2026-09-13 11:28:47 [FOLLOW] TRACK: progress=7.44m/37.2m seg=5 cross=0.05m alpha=79.3° target=(-0.16,7.44) R=inf STRAIGHT v=1.43 dwell=0.0s
2026-09-13 11:28:47,723 - WARNING - Unexpected turn_direction: STRAIGHT, defaulting to straight
2026-09-13 11:28:47,723 - INFO - 2026-09-13 11:28:47 Turn: STRAIGHT, R: infm, v_L: 1.43 m/s, v_R: 1.43 m/s
2026-09-13 11:28:47,724 - INFO - 2026-09-13 11:28:47 left_actuator_position: 420 (counts) from v_L 1.429 m/s
2026-09-13 11:28:47,724 - INFO - 2026-09-13 11:28:47 right_actuator_position: 420 (counts) from v_R 1.429 m/s
2026-09-13 11:28:47,737 - INFO - Sent actuator positions to RoboClaw → M1 (left): 420, M2 (right): 420 (counts)
2026-09-13 11:28:47,737 - INFO - 2026-09-13 11:28:47 APPLY → left_pos: 420, right_pos: 420 (counts), v_L: 1.43 m/s, v_R: 1.43 m/s
2026-09-13 11:28:47,737 - INFO - 2026-09-13 11:28:47 Path tracking needs correction: heading_ok=False (alpha=79.3deg), distance_ok=True (cross=0.049m)
2026-09-13 11:28:47,922 - INFO - 2026-09-13 11:28:47 [3.4 OBSERVED] current_turn_radius: 2.28m
2026-09-13 11:28:47,922 - INFO - 2026-09-13 11:28:47 [3.4 OBSERVED] turn_direction: LEFT
2026-09-13 11:28:47,922 - INFO - 2026-09-13 11:28:47 [3.4 OBSERVED] estimated left/right wheel speeds: 0.223, 0.304 m/s
2026-09-13 11:28:47,924 - INFO - 2026-09-13 11:28:47 [STATE] Current state: FOLLOWING_PATH
2026-09-13 11:28:47,924 - INFO - 2026-09-13 11:28:47 [FOLLOW] TRACK: progress=7.44m/37.2m seg=5 cross=0.00m alpha=83.4° target=(-0.16,7.44) R=inf STRAIGHT v=1.43 dwell=0.0s
2026-09-13 11:28:47,924 - WARNING - Unexpected turn_direction: STRAIGHT, defaulting to straight
2026-09-13 11:28:47,924 - INFO - 2026-09-13 11:28:47 Turn: STRAIGHT, R: infm, v_L: 1.43 m/s, v_R: 1.43 m/s
2026-09-13 11:28:47,925 - INFO - 2026-09-13 11:28:47 left_actuator_position: 420 (counts) from v_L 1.429 m/s
2026-09-13 11:28:47,925 - INFO - 2026-09-13 11:28:47 right_actuator_position: 420 (counts) from v_R 1.429 m/s
2026-09-13 11:28:47,940 - INFO - Sent actuator positions to RoboClaw → M1 (left): 420, M2 (right): 420 (counts)
2026-09-13 11:28:47,940 - INFO - 2026-09-13 11:28:47 APPLY → left_pos: 420, right_pos: 420 (counts), v_L: 1.43 m/s, v_R: 1.43 m/s
2026-09-13 11:28:47,940 - INFO - 2026-09-13 11:28:47 Path tracking needs correction: heading_ok=False (alpha=83.4deg), distance_ok=True (cross=0.005m)
2026-09-13 11:28:48,136 - INFO - 2026-09-13 11:28:48 [3.4 OBSERVED] current_turn_radius: infm
2026-09-13 11:28:48,136 - INFO - 2026-09-13 11:28:48 [3.4 OBSERVED] turn_direction: RIGHT
2026-09-13 11:28:48,136 - INFO - 2026-09-13 11:28:48 [3.4 OBSERVED] estimated left/right wheel speeds: nan, nan m/s
2026-09-13 11:28:48,137 - INFO - 2026-09-13 11:28:48 [STATE] Current state: FOLLOWING_PATH
2026-09-13 11:28:48,137 - INFO - 2026-09-13 11:28:48 [SPEED] tight-turn cap: R=1.00m -> 0.500 m/s
2026-09-13 11:28:48,138 - INFO - 2026-09-13 11:28:48 [FOLLOW] TRACK: progress=7.44m/37.2m seg=5 cross=0.02m alpha=84.9° target=(-0.16,7.44) R=1.00 RIGHT v=0.50 dwell=0.0s
2026-09-13 11:28:48,138 - INFO - 2026-09-13 11:28:48 Turn: RIGHT, R: 1.00m, v_L: 0.68 m/s, v_R: 0.33 m/s
2026-09-13 11:28:48,138 - INFO - 2026-09-13 11:28:48 left_actuator_position: 819 (counts) from v_L 0.675 m/s
2026-09-13 11:28:48,138 - INFO - 2026-09-13 11:28:48 right_actuator_position: 1088 (counts) from v_R 0.325 m/s
2026-09-13 11:28:48,151 - INFO - Sent actuator positions to RoboClaw → M1 (left): 819, M2 (right): 1088 (counts)
2026-09-13 11:28:48,151 - INFO - 2026-09-13 11:28:48 APPLY → left_pos: 819, right_pos: 1088 (counts), v_L: 0.68 m/s, v_R: 0.33 m/s
2026-09-13 11:28:48,151 - INFO - 2026-09-13 11:28:48 Path tracking needs correction: heading_ok=False (alpha=84.9deg), distance_ok=True (cross=0.024m)
2026-09-13 11:28:48,310 - INFO - 2026-09-13 11:28:48 [3.4 OBSERVED] current_turn_radius: infm
2026-09-13 11:28:48,310 - INFO - 2026-09-13 11:28:48 [3.4 OBSERVED] turn_direction: RIGHT
2026-09-13 11:28:48,310 - INFO - 2026-09-13 11:28:48 [3.4 OBSERVED] estimated left/right wheel speeds: nan, nan m/s
2026-09-13 11:28:48,313 - INFO - 2026-09-13 11:28:48 [STATE] Current state: FOLLOWING_PATH
2026-09-13 11:28:48,314 - INFO - 2026-09-13 11:28:48 [SPEED] tight-turn cap: R=1.00m -> 0.500 m/s
2026-09-13 11:28:48,314 - INFO - 2026-09-13 11:28:48 [FOLLOW] TRACK: progress=7.44m/37.2m seg=5 cross=0.02m alpha=84.6° target=(-0.16,7.44) R=1.00 RIGHT v=0.50 dwell=0.0s
2026-09-13 11:28:48,314 - INFO - 2026-09-13 11:28:48 Turn: RIGHT, R: 1.00m, v_L: 0.68 m/s, v_R: 0.33 m/s
2026-09-13 11:28:48,314 - INFO - 2026-09-13 11:28:48 left_actuator_position: 819 (counts) from v_L 0.675 m/s
2026-09-13 11:28:48,314 - INFO - 2026-09-13 11:28:48 right_actuator_position: 1088 (counts) from v_R 0.325 m/s
2026-09-13 11:28:48,327 - INFO - Sent actuator positions to RoboClaw → M1 (left): 819, M2 (right): 1088 (counts)
2026-09-13 11:28:48,327 - INFO - 2026-09-13 11:28:48 APPLY → left_pos: 819, right_pos: 1088 (counts), v_L: 0.68 m/s, v_R: 0.33 m/s
2026-09-13 11:28:48,327 - INFO - 2026-09-13 11:28:48 Path tracking needs correction: heading_ok=False (alpha=84.6deg), distance_ok=True (cross=0.024m)
2026-09-13 11:28:48,507 - INFO - 2026-09-13 11:28:48 [3.4 OBSERVED] current_turn_radius: infm
2026-09-13 11:28:48,507 - INFO - 2026-09-13 11:28:48 [3.4 OBSERVED] turn_direction: LEFT
2026-09-13 11:28:48,507 - INFO - 2026-09-13 11:28:48 [3.4 OBSERVED] estimated left/right wheel speeds: nan, nan m/s
2026-09-13 11:28:48,510 - INFO - 2026-09-13 11:28:48 [STATE] Current state: FOLLOWING_PATH
2026-09-13 11:28:48,510 - INFO - 2026-09-13 11:28:48 [FOLLOW] TRACK: progress=7.44m/37.2m seg=5 cross=0.01m alpha=84.4° target=(-0.16,7.44) R=inf STRAIGHT v=1.43 dwell=0.0s
2026-09-13 11:28:48,510 - WARNING - Unexpected turn_direction: STRAIGHT, defaulting to straight
2026-09-13 11:28:48,510 - INFO - 2026-09-13 11:28:48 Turn: STRAIGHT, R: infm, v_L: 1.43 m/s, v_R: 1.43 m/s
2026-09-13 11:28:48,510 - INFO - 2026-09-13 11:28:48 left_actuator_position: 420 (counts) from v_L 1.429 m/s
2026-09-13 11:28:48,511 - INFO - 2026-09-13 11:28:48 right_actuator_position: 420 (counts) from v_R 1.429 m/s
2026-09-13 11:28:48,524 - INFO - Sent actuator positions to RoboClaw → M1 (left): 420, M2 (right): 420 (counts)
2026-09-13 11:28:48,524 - INFO - 2026-09-13 11:28:48 APPLY → left_pos: 420, right_pos: 420 (counts), v_L: 1.43 m/s, v_R: 1.43 m/s
2026-09-13 11:28:48,524 - INFO - 2026-09-13 11:28:48 Path tracking needs correction: heading_ok=False (alpha=84.4deg), distance_ok=True (cross=0.010m)
2026-09-13 11:28:48,727 - INFO - 2026-09-13 11:28:48 [3.4 OBSERVED] current_turn_radius: infm
2026-09-13 11:28:48,727 - INFO - 2026-09-13 11:28:48 [3.4 OBSERVED] turn_direction: RIGHT
2026-09-13 11:28:48,727 - INFO - 2026-09-13 11:28:48 [3.4 OBSERVED] estimated left/right wheel speeds: nan, nan m/s
2026-09-13 11:28:48,730 - INFO - 2026-09-13 11:28:48 [STATE] Current state: FOLLOWING_PATH
2026-09-13 11:28:48,730 - INFO - 2026-09-13 11:28:48 [FOLLOW] TRACK: progress=7.44m/37.2m seg=5 cross=0.01m alpha=84.2° target=(-0.16,7.44) R=inf STRAIGHT v=1.43 dwell=0.0s
2026-09-13 11:28:48,730 - WARNING - Unexpected turn_direction: STRAIGHT, defaulting to straight
2026-09-13 11:28:48,730 - INFO - 2026-09-13 11:28:48 Turn: STRAIGHT, R: infm, v_L: 1.43 m/s, v_R: 1.43 m/s
2026-09-13 11:28:48,730 - INFO - 2026-09-13 11:28:48 left_actuator_position: 420 (counts) from v_L 1.429 m/s
2026-09-13 11:28:48,731 - INFO - 2026-09-13 11:28:48 right_actuator_position: 420 (counts) from v_R 1.429 m/s
2026-09-13 11:28:48,744 - INFO - Sent actuator positions to RoboClaw → M1 (left): 420, M2 (right): 420 (counts)
2026-09-13 11:28:48,744 - INFO - 2026-09-13 11:28:48 APPLY → left_pos: 420, right_pos: 420 (counts), v_L: 1.43 m/s, v_R: 1.43 m/s
2026-09-13 11:28:48,744 - INFO - 2026-09-13 11:28:48 Path tracking needs correction: heading_ok=False (alpha=84.2deg), distance_ok=True (cross=0.010m)
2026-09-13 11:28:48,902 - INFO - 2026-09-13 11:28:48 [3.4 OBSERVED] current_turn_radius: infm
2026-09-13 11:28:48,902 - INFO - 2026-09-13 11:28:48 [3.4 OBSERVED] turn_direction: RIGHT
2026-09-13 11:28:48,902 - INFO - 2026-09-13 11:28:48 [3.4 OBSERVED] estimated left/right wheel speeds: nan, nan m/s
2026-09-13 11:28:48,904 - INFO - 2026-09-13 11:28:48 [STATE] Current state: FOLLOWING_PATH
2026-09-13 11:28:48,904 - INFO - 2026-09-13 11:28:48 [FOLLOW] TRACK: progress=7.44m/37.2m seg=5 cross=0.00m alpha=83.2° target=(-0.16,7.44) R=inf STRAIGHT v=1.43 dwell=0.0s
2026-09-13 11:28:48,904 - WARNING - Unexpected turn_direction: STRAIGHT, defaulting to straight
2026-09-13 11:28:48,905 - INFO - 2026-09-13 11:28:48 Turn: STRAIGHT, R: infm, v_L: 1.43 m/s, v_R: 1.43 m/s
2026-09-13 11:28:48,905 - INFO - 2026-09-13 11:28:48 left_actuator_position: 420 (counts) from v_L 1.429 m/s
2026-09-13 11:28:48,905 - INFO - 2026-09-13 11:28:48 right_actuator_position: 420 (counts) from v_R 1.429 m/s
2026-09-13 11:28:48,921 - INFO - Sent actuator positions to RoboClaw → M1 (left): 420, M2 (right): 420 (counts)
2026-09-13 11:28:48,921 - INFO - 2026-09-13 11:28:48 APPLY → left_pos: 420, right_pos: 420 (counts), v_L: 1.43 m/s, v_R: 1.43 m/s
2026-09-13 11:28:48,921 - INFO - 2026-09-13 11:28:48 Path tracking needs correction: heading_ok=False (alpha=83.2deg), distance_ok=True (cross=0.005m)
2026-09-13 11:28:49,116 - INFO - 2026-09-13 11:28:49 [3.4 OBSERVED] current_turn_radius: infm
2026-09-13 11:28:49,116 - INFO - 2026-09-13 11:28:49 [3.4 OBSERVED] turn_direction: RIGHT
2026-09-13 11:28:49,116 - INFO - 2026-09-13 11:28:49 [3.4 OBSERVED] estimated left/right wheel speeds: nan, nan m/s
2026-09-13 11:28:49,117 - INFO - 2026-09-13 11:28:49 [STATE] Current state: FOLLOWING_PATH
2026-09-13 11:28:49,118 - INFO - 2026-09-13 11:28:49 [FOLLOW] TRACK: progress=7.44m/37.2m seg=5 cross=0.01m alpha=82.7° target=(-0.16,7.44) R=inf STRAIGHT v=1.43 dwell=0.0s
2026-09-13 11:28:49,118 - WARNING - Unexpected turn_direction: STRAIGHT, defaulting to straight
2026-09-13 11:28:49,118 - INFO - 2026-09-13 11:28:49 Turn: STRAIGHT, R: infm, v_L: 1.43 m/s, v_R: 1.43 m/s
2026-09-13 11:28:49,118 - INFO - 2026-09-13 11:28:49 left_actuator_position: 420 (counts) from v_L 1.429 m/s
2026-09-13 11:28:49,118 - INFO - 2026-09-13 11:28:49 right_actuator_position: 420 (counts) from v_R 1.429 m/s
2026-09-13 11:28:49,133 - INFO - Sent actuator positions to RoboClaw → M1 (left): 420, M2 (right): 420 (counts)
2026-09-13 11:28:49,133 - INFO - 2026-09-13 11:28:49 APPLY → left_pos: 420, right_pos: 420 (counts), v_L: 1.43 m/s, v_R: 1.43 m/s
2026-09-13 11:28:49,133 - INFO - 2026-09-13 11:28:49 Path tracking needs correction: heading_ok=False (alpha=82.7deg), distance_ok=True (cross=0.005m)
2026-09-13 11:28:49,310 - INFO - 2026-09-13 11:28:49 [3.4 OBSERVED] current_turn_radius: infm
2026-09-13 11:28:49,310 - INFO - 2026-09-13 11:28:49 [3.4 OBSERVED] turn_direction: LEFT
2026-09-13 11:28:49,310 - INFO - 2026-09-13 11:28:49 [3.4 OBSERVED] estimated left/right wheel speeds: nan, nan m/s
2026-09-13 11:28:49,313 - INFO - 2026-09-13 11:28:49 [STATE] Current state: FOLLOWING_PATH
2026-09-13 11:28:49,313 - INFO - 2026-09-13 11:28:49 [FOLLOW] TRACK: progress=7.44m/37.2m seg=5 cross=0.02m alpha=82.0° target=(-0.16,7.44) R=inf STRAIGHT v=1.43 dwell=0.0s
2026-09-13 11:28:49,313 - WARNING - Unexpected turn_direction: STRAIGHT, defaulting to straight
2026-09-13 11:28:49,313 - INFO - 2026-09-13 11:28:49 Turn: STRAIGHT, R: infm, v_L: 1.43 m/s, v_R: 1.43 m/s
2026-09-13 11:28:49,313 - INFO - 2026-09-13 11:28:49 left_actuator_position: 420 (counts) from v_L 1.429 m/s
2026-09-13 11:28:49,314 - INFO - 2026-09-13 11:28:49 right_actuator_position: 420 (counts) from v_R 1.429 m/s
2026-09-13 11:28:49,326 - INFO - Sent actuator positions to RoboClaw → M1 (left): 420, M2 (right): 420 (counts)
2026-09-13 11:28:49,326 - INFO - 2026-09-13 11:28:49 APPLY → left_pos: 420, right_pos: 420 (counts), v_L: 1.43 m/s, v_R: 1.43 m/s
2026-09-13 11:28:49,327 - INFO - 2026-09-13 11:28:49 Path tracking needs correction: heading_ok=False (alpha=82.0deg), distance_ok=True (cross=0.019m)
2026-09-13 11:28:49,510 - INFO - 2026-09-13 11:28:49 [3.4 OBSERVED] current_turn_radius: infm
2026-09-13 11:28:49,510 - INFO - 2026-09-13 11:28:49 [3.4 OBSERVED] turn_direction: RIGHT
2026-09-13 11:28:49,510 - INFO - 2026-09-13 11:28:49 [3.4 OBSERVED] estimated left/right wheel speeds: nan, nan m/s
2026-09-13 11:28:49,513 - INFO - 2026-09-13 11:28:49 [STATE] Current state: FOLLOWING_PATH
2026-09-13 11:28:49,513 - INFO - 2026-09-13 11:28:49 [FOLLOW] TRACK: progress=7.44m/37.2m seg=5 cross=0.02m alpha=81.7° target=(-0.16,7.44) R=inf STRAIGHT v=1.43 dwell=0.0s
2026-09-13 11:28:49,513 - WARNING - Unexpected turn_direction: STRAIGHT, defaulting to straight
2026-09-13 11:28:49,513 - INFO - 2026-09-13 11:28:49 Turn: STRAIGHT, R: infm, v_L: 1.43 m/s, v_R: 1.43 m/s
2026-09-13 11:28:49,513 - INFO - 2026-09-13 11:28:49 left_actuator_position: 420 (counts) from v_L 1.429 m/s
2026-09-13 11:28:49,514 - INFO - 2026-09-13 11:28:49 right_actuator_position: 420 (counts) from v_R 1.429 m/s
2026-09-13 11:28:49,526 - INFO - Sent actuator positions to RoboClaw → M1 (left): 420, M2 (right): 420 (counts)
2026-09-13 11:28:49,526 - INFO - 2026-09-13 11:28:49 APPLY → left_pos: 420, right_pos: 420 (counts), v_L: 1.43 m/s, v_R: 1.43 m/s
2026-09-13 11:28:49,527 - INFO - 2026-09-13 11:28:49 Path tracking needs correction: heading_ok=False (alpha=81.7deg), distance_ok=True (cross=0.020m)
2026-09-13 11:28:49,709 - INFO - 2026-09-13 11:28:49 [3.4 OBSERVED] current_turn_radius: infm
2026-09-13 11:28:49,710 - INFO - 2026-09-13 11:28:49 [3.4 OBSERVED] turn_direction: LEFT
2026-09-13 11:28:49,710 - INFO - 2026-09-13 11:28:49 [3.4 OBSERVED] estimated left/right wheel speeds: nan, nan m/s
2026-09-13 11:28:49,713 - INFO - 2026-09-13 11:28:49 [STATE] Current state: FOLLOWING_PATH
2026-09-13 11:28:49,713 - INFO - 2026-09-13 11:28:49 [FOLLOW] TRACK: progress=7.44m/37.2m seg=5 cross=0.02m alpha=81.9° target=(-0.16,7.44) R=inf STRAIGHT v=1.43 dwell=0.0s
2026-09-13 11:28:49,713 - WARNING - Unexpected turn_direction: STRAIGHT, defaulting to straight
2026-09-13 11:28:49,713 - INFO - 2026-09-13 11:28:49 Turn: STRAIGHT, R: infm, v_L: 1.43 m/s, v_R: 1.43 m/s
2026-09-13 11:28:49,714 - INFO - 2026-09-13 11:28:49 left_actuator_position: 420 (counts) from v_L 1.429 m/s
2026-09-13 11:28:49,714 - INFO - 2026-09-13 11:28:49 right_actuator_position: 420 (counts) from v_R 1.429 m/s
2026-09-13 11:28:49,726 - INFO - Sent actuator positions to RoboClaw → M1 (left): 420, M2 (right): 420 (counts)
2026-09-13 11:28:49,726 - INFO - 2026-09-13 11:28:49 APPLY → left_pos: 420, right_pos: 420 (counts), v_L: 1.43 m/s, v_R: 1.43 m/s
2026-09-13 11:28:49,726 - INFO - 2026-09-13 11:28:49 Path tracking needs correction: heading_ok=False (alpha=81.9deg), distance_ok=True (cross=0.019m)
2026-09-13 11:28:49,919 - INFO - 2026-09-13 11:28:49 [3.4 OBSERVED] current_turn_radius: infm
2026-09-13 11:28:49,919 - INFO - 2026-09-13 11:28:49 [3.4 OBSERVED] turn_direction: RIGHT
2026-09-13 11:28:49,920 - INFO - 2026-09-13 11:28:49 [3.4 OBSERVED] estimated left/right wheel speeds: nan, nan m/s
2026-09-13 11:28:49,923 - INFO - 2026-09-13 11:28:49 [STATE] Current state: FOLLOWING_PATH
2026-09-13 11:28:49,923 - INFO - 2026-09-13 11:28:49 [FOLLOW] TRACK: progress=7.44m/37.2m seg=5 cross=0.03m alpha=80.2° target=(-0.16,7.44) R=inf STRAIGHT v=1.43 dwell=0.0s
2026-09-13 11:28:49,923 - WARNING - Unexpected turn_direction: STRAIGHT, defaulting to straight
2026-09-13 11:28:49,923 - INFO - 2026-09-13 11:28:49 Turn: STRAIGHT, R: infm, v_L: 1.43 m/s, v_R: 1.43 m/s
2026-09-13 11:28:49,923 - INFO - 2026-09-13 11:28:49 left_actuator_position: 420 (counts) from v_L 1.429 m/s
2026-09-13 11:28:49,924 - INFO - 2026-09-13 11:28:49 right_actuator_position: 420 (counts) from v_R 1.429 m/s
2026-09-13 11:28:49,936 - INFO - Sent actuator positions to RoboClaw → M1 (left): 420, M2 (right): 420 (counts)
2026-09-13 11:28:49,936 - INFO - 2026-09-13 11:28:49 APPLY → left_pos: 420, right_pos: 420 (counts), v_L: 1.43 m/s, v_R: 1.43 m/s
2026-09-13 11:28:49,936 - INFO - 2026-09-13 11:28:49 Path tracking needs correction: heading_ok=False (alpha=80.2deg), distance_ok=True (cross=0.034m)
2026-09-13 11:28:50,131 - INFO - 2026-09-13 11:28:50 [3.4 OBSERVED] current_turn_radius: infm
2026-09-13 11:28:50,132 - INFO - 2026-09-13 11:28:50 [3.4 OBSERVED] turn_direction: LEFT
2026-09-13 11:28:50,132 - INFO - 2026-09-13 11:28:50 [3.4 OBSERVED] estimated left/right wheel speeds: nan, nan m/s
2026-09-13 11:28:50,134 - INFO - 2026-09-13 11:28:50 [STATE] Current state: FOLLOWING_PATH
2026-09-13 11:28:50,134 - INFO - 2026-09-13 11:28:50 [FOLLOW] TRACK: progress=7.44m/37.2m seg=5 cross=0.03m alpha=80.4° target=(-0.16,7.44) R=inf STRAIGHT v=1.43 dwell=0.0s
2026-09-13 11:28:50,134 - WARNING - Unexpected turn_direction: STRAIGHT, defaulting to straight
2026-09-13 11:28:50,134 - INFO - 2026-09-13 11:28:50 Turn: STRAIGHT, R: infm, v_L: 1.43 m/s, v_R: 1.43 m/s
2026-09-13 11:28:50,134 - INFO - 2026-09-13 11:28:50 left_actuator_position: 420 (counts) from v_L 1.429 m/s
2026-09-13 11:28:50,135 - INFO - 2026-09-13 11:28:50 right_actuator_position: 420 (counts) from v_R 1.429 m/s
2026-09-13 11:28:50,147 - INFO - Sent actuator positions to RoboClaw → M1 (left): 420, M2 (right): 420 (counts)
2026-09-13 11:28:50,147 - INFO - 2026-09-13 11:28:50 APPLY → left_pos: 420, right_pos: 420 (counts), v_L: 1.43 m/s, v_R: 1.43 m/s
2026-09-13 11:28:50,147 - INFO - 2026-09-13 11:28:50 Path tracking needs correction: heading_ok=False (alpha=80.4deg), distance_ok=True (cross=0.034m)
2026-09-13 11:28:50,315 - INFO - 2026-09-13 11:28:50 [3.4 OBSERVED] current_turn_radius: infm
2026-09-13 11:28:50,316 - INFO - 2026-09-13 11:28:50 [3.4 OBSERVED] turn_direction: LEFT
2026-09-13 11:28:50,316 - INFO - 2026-09-13 11:28:50 [3.4 OBSERVED] estimated left/right wheel speeds: nan, nan m/s
2026-09-13 11:28:50,317 - INFO - 2026-09-13 11:28:50 [STATE] Current state: FOLLOWING_PATH
2026-09-13 11:28:50,317 - INFO - 2026-09-13 11:28:50 [FOLLOW] TRACK: progress=7.44m/37.2m seg=5 cross=0.05m alpha=79.6° target=(-0.16,7.44) R=inf STRAIGHT v=1.43 dwell=0.0s
2026-09-13 11:28:50,317 - WARNING - Unexpected turn_direction: STRAIGHT, defaulting to straight
2026-09-13 11:28:50,317 - INFO - 2026-09-13 11:28:50 Turn: STRAIGHT, R: infm, v_L: 1.43 m/s, v_R: 1.43 m/s
2026-09-13 11:28:50,318 - INFO - 2026-09-13 11:28:50 left_actuator_position: 420 (counts) from v_L 1.429 m/s
2026-09-13 11:28:50,318 - INFO - 2026-09-13 11:28:50 right_actuator_position: 420 (counts) from v_R 1.429 m/s
2026-09-13 11:28:50,330 - INFO - Sent actuator positions to RoboClaw → M1 (left): 420, M2 (right): 420 (counts)
2026-09-13 11:28:50,330 - INFO - 2026-09-13 11:28:50 APPLY → left_pos: 420, right_pos: 420 (counts), v_L: 1.43 m/s, v_R: 1.43 m/s
2026-09-13 11:28:50,330 - INFO - 2026-09-13 11:28:50 Path tracking needs correction: heading_ok=False (alpha=79.6deg), distance_ok=True (cross=0.049m)
2026-09-13 11:28:50,511 - INFO - 2026-09-13 11:28:50 [3.4 OBSERVED] current_turn_radius: infm
2026-09-13 11:28:50,511 - INFO - 2026-09-13 11:28:50 [3.4 OBSERVED] turn_direction: RIGHT
2026-09-13 11:28:50,511 - INFO - 2026-09-13 11:28:50 [3.4 OBSERVED] estimated left/right wheel speeds: nan, nan m/s
2026-09-13 11:28:50,514 - INFO - 2026-09-13 11:28:50 [STATE] Current state: FOLLOWING_PATH
2026-09-13 11:28:50,514 - INFO - 2026-09-13 11:28:50 [FOLLOW] TRACK: progress=7.44m/37.2m seg=5 cross=0.05m alpha=79.2° target=(-0.16,7.44) R=inf STRAIGHT v=1.43 dwell=0.0s
2026-09-13 11:28:50,514 - WARNING - Unexpected turn_direction: STRAIGHT, defaulting to straight
2026-09-13 11:28:50,514 - INFO - 2026-09-13 11:28:50 Turn: STRAIGHT, R: infm, v_L: 1.43 m/s, v_R: 1.43 m/s
2026-09-13 11:28:50,514 - INFO - 2026-09-13 11:28:50 left_actuator_position: 420 (counts) from v_L 1.429 m/s
2026-09-13 11:28:50,515 - INFO - 2026-09-13 11:28:50 right_actuator_position: 420 (counts) from v_R 1.429 m/s
2026-09-13 11:28:50,527 - INFO - Sent actuator positions to RoboClaw → M1 (left): 420, M2 (right): 420 (counts)
2026-09-13 11:28:50,527 - INFO - 2026-09-13 11:28:50 APPLY → left_pos: 420, right_pos: 420 (counts), v_L: 1.43 m/s, v_R: 1.43 m/s
2026-09-13 11:28:50,527 - INFO - 2026-09-13 11:28:50 Path tracking needs correction: heading_ok=False (alpha=79.2deg), distance_ok=True (cross=0.049m)
2026-09-13 11:28:50,728 - INFO - 2026-09-13 11:28:50 [3.4 OBSERVED] current_turn_radius: infm
2026-09-13 11:28:50,729 - INFO - 2026-09-13 11:28:50 [3.4 OBSERVED] turn_direction: LEFT
2026-09-13 11:28:50,729 - INFO - 2026-09-13 11:28:50 [3.4 OBSERVED] estimated left/right wheel speeds: nan, nan m/s
2026-09-13 11:28:50,730 - INFO - 2026-09-13 11:28:50 [STATE] Current state: FOLLOWING_PATH
2026-09-13 11:28:50,730 - INFO - 2026-09-13 11:28:50 [FOLLOW] TRACK: progress=7.44m/37.2m seg=5 cross=0.05m alpha=79.6° target=(-0.16,7.44) R=inf STRAIGHT v=1.43 dwell=0.0s
2026-09-13 11:28:50,730 - WARNING - Unexpected turn_direction: STRAIGHT, defaulting to straight
2026-09-13 11:28:50,731 - INFO - 2026-09-13 11:28:50 Turn: STRAIGHT, R: infm, v_L: 1.43 m/s, v_R: 1.43 m/s
2026-09-13 11:28:50,731 - INFO - 2026-09-13 11:28:50 left_actuator_position: 420 (counts) from v_L 1.429 m/s
2026-09-13 11:28:50,731 - INFO - 2026-09-13 11:28:50 right_actuator_position: 420 (counts) from v_R 1.429 m/s
2026-09-13 11:28:50,744 - INFO - Sent actuator positions to RoboClaw → M1 (left): 420, M2 (right): 420 (counts)
2026-09-13 11:28:50,744 - INFO - 2026-09-13 11:28:50 APPLY → left_pos: 420, right_pos: 420 (counts), v_L: 1.43 m/s, v_R: 1.43 m/s
2026-09-13 11:28:50,744 - INFO - 2026-09-13 11:28:50 Path tracking needs correction: heading_ok=False (alpha=79.6deg), distance_ok=True (cross=0.049m)
2026-09-13 11:28:50,921 - INFO - 2026-09-13 11:28:50 [3.4 OBSERVED] current_turn_radius: infm
2026-09-13 11:28:50,921 - INFO - 2026-09-13 11:28:50 [3.4 OBSERVED] turn_direction: RIGHT
2026-09-13 11:28:50,922 - INFO - 2026-09-13 11:28:50 [3.4 OBSERVED] estimated left/right wheel speeds: nan, nan m/s
2026-09-13 11:28:50,923 - INFO - 2026-09-13 11:28:50 [STATE] Current state: FOLLOWING_PATH
2026-09-13 11:28:50,923 - INFO - 2026-09-13 11:28:50 [FOLLOW] TRACK: progress=7.44m/37.2m seg=5 cross=0.03m alpha=80.5° target=(-0.16,7.44) R=inf STRAIGHT v=1.43 dwell=0.0s
2026-09-13 11:28:50,924 - WARNING - Unexpected turn_direction: STRAIGHT, defaulting to straight
2026-09-13 11:28:50,924 - INFO - 2026-09-13 11:28:50 Turn: STRAIGHT, R: infm, v_L: 1.43 m/s, v_R: 1.43 m/s
2026-09-13 11:28:50,924 - INFO - 2026-09-13 11:28:50 left_actuator_position: 420 (counts) from v_L 1.429 m/s
2026-09-13 11:28:50,924 - INFO - 2026-09-13 11:28:50 right_actuator_position: 420 (counts) from v_R 1.429 m/s
2026-09-13 11:28:50,937 - INFO - Sent actuator positions to RoboClaw → M1 (left): 420, M2 (right): 420 (counts)
2026-09-13 11:28:50,937 - INFO - 2026-09-13 11:28:50 APPLY → left_pos: 420, right_pos: 420 (counts), v_L: 1.43 m/s, v_R: 1.43 m/s
2026-09-13 11:28:50,937 - INFO - 2026-09-13 11:28:50 Path tracking needs correction: heading_ok=False (alpha=80.5deg), distance_ok=True (cross=0.034m)
2026-09-13 11:28:51,131 - INFO - 2026-09-13 11:28:51 [3.4 OBSERVED] current_turn_radius: infm
2026-09-13 11:28:51,132 - INFO - 2026-09-13 11:28:51 [3.4 OBSERVED] turn_direction: LEFT
2026-09-13 11:28:51,132 - INFO - 2026-09-13 11:28:51 [3.4 OBSERVED] estimated left/right wheel speeds: nan, nan m/s
2026-09-13 11:28:51,133 - INFO - 2026-09-13 11:28:51 [STATE] Current state: FOLLOWING_PATH
2026-09-13 11:28:51,133 - INFO - 2026-09-13 11:28:51 [FOLLOW] TRACK: progress=7.44m/37.2m seg=5 cross=0.03m alpha=81.5° target=(-0.16,7.44) R=inf STRAIGHT v=1.43 dwell=0.0s
2026-09-13 11:28:51,134 - WARNING - Unexpected turn_direction: STRAIGHT, defaulting to straight
2026-09-13 11:28:51,134 - INFO - 2026-09-13 11:28:51 Turn: STRAIGHT, R: infm, v_L: 1.43 m/s, v_R: 1.43 m/s
2026-09-13 11:28:51,134 - INFO - 2026-09-13 11:28:51 left_actuator_position: 420 (counts) from v_L 1.429 m/s
2026-09-13 11:28:51,134 - INFO - 2026-09-13 11:28:51 right_actuator_position: 420 (counts) from v_R 1.429 m/s
2026-09-13 11:28:51,147 - INFO - Sent actuator positions to RoboClaw → M1 (left): 420, M2 (right): 420 (counts)
2026-09-13 11:28:51,147 - INFO - 2026-09-13 11:28:51 APPLY → left_pos: 420, right_pos: 420 (counts), v_L: 1.43 m/s, v_R: 1.43 m/s
2026-09-13 11:28:51,147 - INFO - 2026-09-13 11:28:51 Path tracking needs correction: heading_ok=False (alpha=81.5deg), distance_ok=True (cross=0.033m)
2026-09-13 11:28:51,327 - INFO - 2026-09-13 11:28:51 [3.4 OBSERVED] current_turn_radius: infm
2026-09-13 11:28:51,327 - INFO - 2026-09-13 11:28:51 [3.4 OBSERVED] turn_direction: RIGHT
2026-09-13 11:28:51,328 - INFO - 2026-09-13 11:28:51 [3.4 OBSERVED] estimated left/right wheel speeds: nan, nan m/s
2026-09-13 11:28:51,330 - INFO - 2026-09-13 11:28:51 [STATE] Current state: FOLLOWING_PATH
2026-09-13 11:28:51,330 - INFO - 2026-09-13 11:28:51 [FOLLOW] TRACK: progress=7.44m/37.2m seg=5 cross=0.03m alpha=80.9° target=(-0.16,7.44) R=inf STRAIGHT v=1.43 dwell=0.0s
2026-09-13 11:28:51,330 - WARNING - Unexpected turn_direction: STRAIGHT, defaulting to straight
2026-09-13 11:28:51,330 - INFO - 2026-09-13 11:28:51 Turn: STRAIGHT, R: infm, v_L: 1.43 m/s, v_R: 1.43 m/s
2026-09-13 11:28:51,330 - INFO - 2026-09-13 11:28:51 left_actuator_position: 420 (counts) from v_L 1.429 m/s
2026-09-13 11:28:51,331 - INFO - 2026-09-13 11:28:51 right_actuator_position: 420 (counts) from v_R 1.429 m/s
2026-09-13 11:28:51,343 - INFO - Sent actuator positions to RoboClaw → M1 (left): 420, M2 (right): 420 (counts)
2026-09-13 11:28:51,343 - INFO - 2026-09-13 11:28:51 APPLY → left_pos: 420, right_pos: 420 (counts), v_L: 1.43 m/s, v_R: 1.43 m/s
2026-09-13 11:28:51,343 - INFO - 2026-09-13 11:28:51 Path tracking needs correction: heading_ok=False (alpha=80.9deg), distance_ok=True (cross=0.034m)
2026-09-13 11:28:51,522 - INFO - 2026-09-13 11:28:51 [3.4 OBSERVED] current_turn_radius: infm
2026-09-13 11:28:51,522 - INFO - 2026-09-13 11:28:51 [3.4 OBSERVED] turn_direction: LEFT
2026-09-13 11:28:51,523 - INFO - 2026-09-13 11:28:51 [3.4 OBSERVED] estimated left/right wheel speeds: nan, nan m/s
2026-09-13 11:28:51,526 - INFO - 2026-09-13 11:28:51 [STATE] Current state: FOLLOWING_PATH
2026-09-13 11:28:51,526 - INFO - 2026-09-13 11:28:51 [FOLLOW] TRACK: progress=7.44m/37.2m seg=5 cross=0.03m alpha=81.3° target=(-0.16,7.44) R=inf STRAIGHT v=1.43 dwell=0.0s
2026-09-13 11:28:51,526 - WARNING - Unexpected turn_direction: STRAIGHT, defaulting to straight
2026-09-13 11:28:51,526 - INFO - 2026-09-13 11:28:51 Turn: STRAIGHT, R: infm, v_L: 1.43 m/s, v_R: 1.43 m/s
2026-09-13 11:28:51,527 - INFO - 2026-09-13 11:28:51 left_actuator_position: 420 (counts) from v_L 1.429 m/s
2026-09-13 11:28:51,527 - INFO - 2026-09-13 11:28:51 right_actuator_position: 420 (counts) from v_R 1.429 m/s
2026-09-13 11:28:51,539 - INFO - Sent actuator positions to RoboClaw → M1 (left): 420, M2 (right): 420 (counts)
2026-09-13 11:28:51,539 - INFO - 2026-09-13 11:28:51 APPLY → left_pos: 420, right_pos: 420 (counts), v_L: 1.43 m/s, v_R: 1.43 m/s
2026-09-13 11:28:51,539 - INFO - 2026-09-13 11:28:51 Path tracking needs correction: heading_ok=False (alpha=81.3deg), distance_ok=True (cross=0.034m)
2026-09-13 11:28:51,719 - INFO - 2026-09-13 11:28:51 [3.4 OBSERVED] current_turn_radius: infm
2026-09-13 11:28:51,720 - INFO - 2026-09-13 11:28:51 [3.4 OBSERVED] turn_direction: RIGHT
2026-09-13 11:28:51,720 - INFO - 2026-09-13 11:28:51 [3.4 OBSERVED] estimated left/right wheel speeds: nan, nan m/s
2026-09-13 11:28:51,723 - INFO - 2026-09-13 11:28:51 [STATE] Current state: FOLLOWING_PATH
2026-09-13 11:28:51,723 - INFO - 2026-09-13 11:28:51 [FOLLOW] TRACK: progress=7.44m/37.2m seg=5 cross=0.05m alpha=80.3° target=(-0.16,7.44) R=inf STRAIGHT v=1.43 dwell=0.0s
2026-09-13 11:28:51,723 - WARNING - Unexpected turn_direction: STRAIGHT, defaulting to straight
2026-09-13 11:28:51,723 - INFO - 2026-09-13 11:28:51 Turn: STRAIGHT, R: infm, v_L: 1.43 m/s, v_R: 1.43 m/s
2026-09-13 11:28:51,723 - INFO - 2026-09-13 11:28:51 left_actuator_position: 420 (counts) from v_L 1.429 m/s
2026-09-13 11:28:51,724 - INFO - 2026-09-13 11:28:51 right_actuator_position: 420 (counts) from v_R 1.429 m/s
2026-09-13 11:28:51,737 - INFO - Sent actuator positions to RoboClaw → M1 (left): 420, M2 (right): 420 (counts)
2026-09-13 11:28:51,737 - INFO - 2026-09-13 11:28:51 APPLY → left_pos: 420, right_pos: 420 (counts), v_L: 1.43 m/s, v_R: 1.43 m/s
2026-09-13 11:28:51,737 - INFO - 2026-09-13 11:28:51 Path tracking needs correction: heading_ok=False (alpha=80.3deg), distance_ok=True (cross=0.049m)
2026-09-13 11:28:51,932 - INFO - 2026-09-13 11:28:51 [3.4 OBSERVED] current_turn_radius: infm
2026-09-13 11:28:51,933 - INFO - 2026-09-13 11:28:51 [3.4 OBSERVED] turn_direction: RIGHT
2026-09-13 11:28:51,933 - INFO - 2026-09-13 11:28:51 [3.4 OBSERVED] estimated left/right wheel speeds: nan, nan m/s
2026-09-13 11:28:51,936 - INFO - 2026-09-13 11:28:51 [STATE] Current state: FOLLOWING_PATH
2026-09-13 11:28:51,936 - INFO - 2026-09-13 11:28:51 [FOLLOW] TRACK: progress=7.44m/37.2m seg=5 cross=0.05m alpha=79.9° target=(-0.16,7.44) R=inf STRAIGHT v=1.43 dwell=0.0s
2026-09-13 11:28:51,936 - WARNING - Unexpected turn_direction: STRAIGHT, defaulting to straight
2026-09-13 11:28:51,936 - INFO - 2026-09-13 11:28:51 Turn: STRAIGHT, R: infm, v_L: 1.43 m/s, v_R: 1.43 m/s
2026-09-13 11:28:51,936 - INFO - 2026-09-13 11:28:51 left_actuator_position: 420 (counts) from v_L 1.429 m/s
2026-09-13 11:28:51,937 - INFO - 2026-09-13 11:28:51 right_actuator_position: 420 (counts) from v_R 1.429 m/s
2026-09-13 11:28:51,949 - INFO - Sent actuator positions to RoboClaw → M1 (left): 420, M2 (right): 420 (counts)
2026-09-13 11:28:51,949 - INFO - 2026-09-13 11:28:51 APPLY → left_pos: 420, right_pos: 420 (counts), v_L: 1.43 m/s, v_R: 1.43 m/s
2026-09-13 11:28:51,950 - INFO - 2026-09-13 11:28:51 Path tracking needs correction: heading_ok=False (alpha=79.9deg), distance_ok=True (cross=0.049m)
2026-09-13 11:28:52,152 - INFO - 2026-09-13 11:28:52 [3.4 OBSERVED] current_turn_radius: infm
2026-09-13 11:28:52,153 - INFO - 2026-09-13 11:28:52 [3.4 OBSERVED] turn_direction: LEFT
2026-09-13 11:28:52,153 - INFO - 2026-09-13 11:28:52 [3.4 OBSERVED] estimated left/right wheel speeds: nan, nan m/s
2026-09-13 11:28:52,156 - INFO - 2026-09-13 11:28:52 [STATE] Current state: FOLLOWING_PATH
2026-09-13 11:28:52,156 - INFO - 2026-09-13 11:28:52 [FOLLOW] TRACK: progress=7.44m/37.2m seg=5 cross=0.05m alpha=80.4° target=(-0.16,7.44) R=inf STRAIGHT v=1.43 dwell=0.0s
2026-09-13 11:28:52,156 - WARNING - Unexpected turn_direction: STRAIGHT, defaulting to straight
2026-09-13 11:28:52,156 - INFO - 2026-09-13 11:28:52 Turn: STRAIGHT, R: infm, v_L: 1.43 m/s, v_R: 1.43 m/s
2026-09-13 11:28:52,156 - INFO - 2026-09-13 11:28:52 left_actuator_position: 420 (counts) from v_L 1.429 m/s
2026-09-13 11:28:52,157 - INFO - 2026-09-13 11:28:52 right_actuator_position: 420 (counts) from v_R 1.429 m/s
2026-09-13 11:28:52,170 - INFO - Sent actuator positions to RoboClaw → M1 (left): 420, M2 (right): 420 (counts)
2026-09-13 11:28:52,170 - INFO - 2026-09-13 11:28:52 APPLY → left_pos: 420, right_pos: 420 (counts), v_L: 1.43 m/s, v_R: 1.43 m/s
2026-09-13 11:28:52,170 - INFO - 2026-09-13 11:28:52 Path tracking needs correction: heading_ok=False (alpha=80.4deg), distance_ok=True (cross=0.049m)
2026-09-13 11:28:52,327 - INFO - 2026-09-13 11:28:52 [3.4 OBSERVED] current_turn_radius: infm
2026-09-13 11:28:52,328 - INFO - 2026-09-13 11:28:52 [3.4 OBSERVED] turn_direction: RIGHT
2026-09-13 11:28:52,328 - INFO - 2026-09-13 11:28:52 [3.4 OBSERVED] estimated left/right wheel speeds: nan, nan m/s
2026-09-13 11:28:52,330 - INFO - 2026-09-13 11:28:52 [STATE] Current state: FOLLOWING_PATH
2026-09-13 11:28:52,330 - INFO - 2026-09-13 11:28:52 [FOLLOW] TRACK: progress=7.44m/37.2m seg=5 cross=0.05m alpha=80.2° target=(-0.16,7.44) R=inf STRAIGHT v=1.43 dwell=0.0s
2026-09-13 11:28:52,330 - WARNING - Unexpected turn_direction: STRAIGHT, defaulting to straight
2026-09-13 11:28:52,330 - INFO - 2026-09-13 11:28:52 Turn: STRAIGHT, R: infm, v_L: 1.43 m/s, v_R: 1.43 m/s
2026-09-13 11:28:52,330 - INFO - 2026-09-13 11:28:52 left_actuator_position: 420 (counts) from v_L 1.429 m/s
2026-09-13 11:28:52,331 - INFO - 2026-09-13 11:28:52 right_actuator_position: 420 (counts) from v_R 1.429 m/s
2026-09-13 11:28:52,343 - INFO - Sent actuator positions to RoboClaw → M1 (left): 420, M2 (right): 420 (counts)
2026-09-13 11:28:52,343 - INFO - 2026-09-13 11:28:52 APPLY → left_pos: 420, right_pos: 420 (counts), v_L: 1.43 m/s, v_R: 1.43 m/s
2026-09-13 11:28:52,343 - INFO - 2026-09-13 11:28:52 Path tracking needs correction: heading_ok=False (alpha=80.2deg), distance_ok=True (cross=0.049m)
2026-09-13 11:28:52,525 - INFO - 2026-09-13 11:28:52 [3.4 OBSERVED] current_turn_radius: infm
2026-09-13 11:28:52,526 - INFO - 2026-09-13 11:28:52 [3.4 OBSERVED] turn_direction: RIGHT
2026-09-13 11:28:52,526 - INFO - 2026-09-13 11:28:52 [3.4 OBSERVED] estimated left/right wheel speeds: nan, nan m/s
2026-09-13 11:28:52,529 - INFO - 2026-09-13 11:28:52 [STATE] Current state: FOLLOWING_PATH
2026-09-13 11:28:52,529 - INFO - 2026-09-13 11:28:52 [FOLLOW] TRACK: progress=7.44m/37.2m seg=5 cross=0.05m alpha=80.1° target=(-0.16,7.44) R=inf STRAIGHT v=1.43 dwell=0.0s
2026-09-13 11:28:52,529 - WARNING - Unexpected turn_direction: STRAIGHT, defaulting to straight
2026-09-13 11:28:52,532 - INFO - 2026-09-13 11:28:52 Turn: STRAIGHT, R: infm, v_L: 1.43 m/s, v_R: 1.43 m/s
2026-09-13 11:28:52,532 - INFO - 2026-09-13 11:28:52 left_actuator_position: 420 (counts) from v_L 1.429 m/s
2026-09-13 11:28:52,532 - INFO - 2026-09-13 11:28:52 right_actuator_position: 420 (counts) from v_R 1.429 m/s
2026-09-13 11:28:52,543 - INFO - Sent actuator positions to RoboClaw → M1 (left): 420, M2 (right): 420 (counts)
2026-09-13 11:28:52,543 - INFO - 2026-09-13 11:28:52 APPLY → left_pos: 420, right_pos: 420 (counts), v_L: 1.43 m/s, v_R: 1.43 m/s
2026-09-13 11:28:52,543 - INFO - 2026-09-13 11:28:52 Path tracking needs correction: heading_ok=False (alpha=80.1deg), distance_ok=True (cross=0.049m)
2026-09-13 11:28:52,543 - INFO - HEARTBEAT: Loop running, last GPS data 0.0s ago
2026-09-13 11:28:52,743 - INFO - 2026-09-13 11:28:52 [3.4 OBSERVED] current_turn_radius: infm
2026-09-13 11:28:52,744 - INFO - 2026-09-13 11:28:52 [3.4 OBSERVED] turn_direction: RIGHT
2026-09-13 11:28:52,744 - INFO - 2026-09-13 11:28:52 [3.4 OBSERVED] estimated left/right wheel speeds: nan, nan m/s
2026-09-13 11:28:52,746 - INFO - 2026-09-13 11:28:52 [STATE] Current state: FOLLOWING_PATH
2026-09-13 11:28:52,746 - ERROR - 2026-09-13 11:28:52 [FOLLOW] SAFETY ABORT: no progress for 25 epochs (progress 7.44m, cross-track 0.05m)
2026-09-13 11:28:52,760 - INFO - Actuators commanded to neutral (1100) -- Follower safety abort
2026-09-13 11:28:52,776 - INFO - Actuators commanded to neutral (1100) -- Repeat exit - returning to neutral
2026-09-13 11:28:54,365 - INFO - Shutdown: actuators confirmed at neutral (Repeat exit - returning to neutral)
2026-09-13 11:28:54,365 - INFO - GREEN_LED GPIO cleaned up successfully
