2026-08-30 12:47:21,153 - INFO - Logging initialized to /home/dali/Documents/ReMow-Rover-Tests/Repeat/Logs/readRecordedRun-2026-08-30_12-47-21.log
2026-08-30 12:47:21,157 - INFO - RoboClaw opened successfully on /dev/serial/by-id/usb-Basicmicro_Inc._USB_Roboclaw_2x15A-if00
2026-08-30 12:47:21,460 - INFO - Encoders reset to zero
2026-08-30 12:47:21,460 - INFO - Starting readRecordedRun with combination: 66
2026-08-30 12:47:21,460 - INFO - Selected most recent recording: 66_20260830-114454_GPSData.csv
2026-08-30 12:47:21,464 - INFO - GREEN_LED initialized on GPIO 17
2026-08-30 12:47:21,474 - INFO - Navigation CSV initialized at /home/dali/Documents/ReMow-Rover-Tests/Repeat/2026-08-30_12-47-21_navigation_log.csv
2026-08-30 12:47:21,475 - INFO - ENU origin from first waypoint: 37.9008976667, -97.6641736667
2026-08-30 12:47:21,548 - INFO - Path model: 35 rows -> 30 points -> 29 segments, 37.2m total, leading dwell 2.0s
2026-08-30 12:47:21,548 - WARNING - guidance config: minimum_path_turn_radius (0.1) is at or below track_width/2 (0.35) -- the INNER WHEEL REVERSES and the mower PIVOTS instead of turning. Actuators saturate to full opposite lock. This is the 2026-07-05 death-spiral configuration; supervised operation only.
2026-08-30 12:47:21,548 - INFO - === GUIDANCE: gary_arrows === tangent_window=3.0m lookahead=2.0m+0.8s*v [1.5-5.0m] kappa_max=10.00/m slew=0.6/m/s deadband=0.04/m
2026-08-30 12:47:21,548 - WARNING - UNVALIDATED GUIDANCE MODE 'gary_arrows' IS ACTIVE. This steering law has not been field-validated on this machine. Supervised operation only; blade disabled; operator within reach of the physical kill switch.
2026-08-30 12:47:21,560 - INFO - Actuators commanded to neutral (1100) -- Startup - ensuring neutral position
2026-08-30 12:47:21,560 - INFO - Actuators initialized to neutral (1100)
2026-08-30 12:47:21,560 - WARNING - === SKIP-ACQUIRE ENABLED (path_resume_nearest=True) ===
2026-08-30 12:47:21,560 - WARNING - ACQUIRE is BYPASSED. Repeat will start in TRACK at the nearest projection on the recorded path; the recorded start point is NOT driven to. This is a gary_arrows TRACK test.
2026-08-30 12:47:21,560 - WARNING - Refuses to start if cross-track exceeds infm (path_resume_max_cross_track). Rollback: set path_resume_nearest=False for normal ACQUIRE.
2026-08-30 12:47:21,560 - WARNING - On a LOOPED route this starts wherever the mower is parked, which may be a later leg. Park it where you intend the run to begin.
2026-08-30 12:47:21,560 - INFO - === UNIFIED PATH FOLLOWER INITIALIZED ===
2026-08-30 12:47:21,560 - INFO - First segment: heading 2.5°, length 0.33m; path ends at (3.30E, 2.61N)
2026-08-30 12:47:21,560 - INFO - Initial state: FOLLOWING_PATH (follower mode ACQUIRE)
2026-08-30 12:47:21,560 - INFO - Acquire timeout: 300.0s
2026-08-30 12:47:21,560 - INFO - === WAITING FOR GPS RTK FIX ===
2026-08-30 12:47:21,560 - INFO - Need: relPosValid=1, carrSoln=2, relPosHeadingValid=1 (timeout: 60.0s)
2026-08-30 12:47:21,571 - INFO - GPS status: relPosValid=1, carrSoln=2, headingValid=1 (0.0s)
2026-08-30 12:47:21,571 - INFO - === GPS RTK FIXED — ready to navigate (0.0s) ===
2026-08-30 12:47:21,571 - INFO - Using persisted heading from driving to work area: 49.26° (captured at 2026-08-30 12:47:03)
2026-08-30 12:47:21,695 - INFO - 2026-08-30 12:47:21 Initial Moving Baseline state: active
2026-08-30 12:47:21,695 - INFO - 2026-08-30 12:47:21 Initial carrier solution: fixed
2026-08-30 12:47:21,699 - INFO - 2026-08-30 12:47:21 [3.4 OBSERVED] current_turn_radius: infm
2026-08-30 12:47:21,699 - INFO - 2026-08-30 12:47:21 [3.4 OBSERVED] turn_direction: STRAIGHT
2026-08-30 12:47:21,699 - INFO - 2026-08-30 12:47:21 [3.4 OBSERVED] estimated left/right wheel speeds: 0.009, 0.009 m/s
2026-08-30 12:47:21,703 - INFO - 2026-08-30 12:47:21 [STATE] Current state: FOLLOWING_PATH
2026-08-30 12:47:21,703 - WARNING - 2026-08-30 12:47:21 [FOLLOW] ACQUIRE SKIPPED -> TRACK at nearest projection: progress=0.00m of 37.2m (remaining 37.2m), cross=4.70m (limit infm), heading=48.0°, target_progress=0.00m, target=(0.00,0.00), alpha=-7.5°
2026-08-30 12:47:21,703 - WARNING - 2026-08-30 12:47:21 [FOLLOW] GARY_ARROWS TRACK GUIDANCE IS NOW ACTIVE - this run evaluates it from epoch one; the recorded start point was never driven to
2026-08-30 12:47:21,703 - INFO - 2026-08-30 12:47:21 [FOLLOW] TRACK: progress=0.00m/37.2m seg=0 cross=4.70m alpha=-7.5° target=(0.00,0.00) R=inf STRAIGHT v=0.75 dwell=0.0s
2026-08-30 12:47:21,703 - WARNING - Unexpected turn_direction: STRAIGHT, defaulting to straight
2026-08-30 12:47:21,703 - INFO - 2026-08-30 12:47:21 Turn: STRAIGHT, R: infm, v_L: 0.75 m/s, v_R: 0.75 m/s
2026-08-30 12:47:21,704 - INFO - 2026-08-30 12:47:21 left_actuator_position: 762 (counts) from v_L 0.750 m/s
2026-08-30 12:47:21,704 - INFO - 2026-08-30 12:47:21 right_actuator_position: 762 (counts) from v_R 0.750 m/s
2026-08-30 12:47:21,716 - INFO - Sent actuator positions to RoboClaw → M1 (left): 762, M2 (right): 762 (counts)
2026-08-30 12:47:21,716 - INFO - 2026-08-30 12:47:21 APPLY → left_pos: 762, right_pos: 762 (counts), v_L: 0.75 m/s, v_R: 0.75 m/s
2026-08-30 12:47:21,716 - INFO - 2026-08-30 12:47:21 Path tracking needs correction: heading_ok=True (alpha=7.5deg), distance_ok=False (cross=4.695m)
2026-08-30 12:47:21,898 - INFO - 2026-08-30 12:47:21 [3.4 OBSERVED] current_turn_radius: infm
2026-08-30 12:47:21,898 - INFO - 2026-08-30 12:47:21 [3.4 OBSERVED] turn_direction: RIGHT
2026-08-30 12:47:21,898 - INFO - 2026-08-30 12:47:21 [3.4 OBSERVED] estimated left/right wheel speeds: nan, nan m/s
2026-08-30 12:47:21,900 - INFO - 2026-08-30 12:47:21 [STATE] Current state: FOLLOWING_PATH
2026-08-30 12:47:21,900 - INFO - 2026-08-30 12:47:21 [FOLLOW] TRACK: progress=0.00m/37.2m seg=0 cross=4.70m alpha=-7.9° target=(0.00,0.00) R=inf STRAIGHT v=0.75 dwell=0.0s
2026-08-30 12:47:21,900 - WARNING - Unexpected turn_direction: STRAIGHT, defaulting to straight
2026-08-30 12:47:21,900 - INFO - 2026-08-30 12:47:21 Turn: STRAIGHT, R: infm, v_L: 0.75 m/s, v_R: 0.75 m/s
2026-08-30 12:47:21,900 - INFO - 2026-08-30 12:47:21 left_actuator_position: 762 (counts) from v_L 0.750 m/s
2026-08-30 12:47:21,900 - INFO - 2026-08-30 12:47:21 right_actuator_position: 762 (counts) from v_R 0.750 m/s
2026-08-30 12:47:21,916 - INFO - Sent actuator positions to RoboClaw → M1 (left): 762, M2 (right): 762 (counts)
2026-08-30 12:47:21,916 - INFO - 2026-08-30 12:47:21 APPLY → left_pos: 762, right_pos: 762 (counts), v_L: 0.75 m/s, v_R: 0.75 m/s
2026-08-30 12:47:21,916 - INFO - 2026-08-30 12:47:21 Path tracking needs correction: heading_ok=True (alpha=7.9deg), distance_ok=False (cross=4.700m)
2026-08-30 12:47:22,102 - INFO - 2026-08-30 12:47:22 [3.4 OBSERVED] current_turn_radius: infm
2026-08-30 12:47:22,102 - INFO - 2026-08-30 12:47:22 [3.4 OBSERVED] turn_direction: RIGHT
2026-08-30 12:47:22,102 - INFO - 2026-08-30 12:47:22 [3.4 OBSERVED] estimated left/right wheel speeds: nan, nan m/s
2026-08-30 12:47:22,106 - INFO - 2026-08-30 12:47:22 [STATE] Current state: FOLLOWING_PATH
2026-08-30 12:47:22,106 - INFO - 2026-08-30 12:47:22 [FOLLOW] TRACK: progress=0.00m/37.2m seg=0 cross=4.71m alpha=-8.0° target=(0.00,0.00) R=inf STRAIGHT v=0.75 dwell=0.0s
2026-08-30 12:47:22,106 - WARNING - Unexpected turn_direction: STRAIGHT, defaulting to straight
2026-08-30 12:47:22,106 - INFO - 2026-08-30 12:47:22 Turn: STRAIGHT, R: infm, v_L: 0.75 m/s, v_R: 0.75 m/s
2026-08-30 12:47:22,106 - INFO - 2026-08-30 12:47:22 left_actuator_position: 762 (counts) from v_L 0.750 m/s
2026-08-30 12:47:22,106 - INFO - 2026-08-30 12:47:22 right_actuator_position: 762 (counts) from v_R 0.750 m/s
2026-08-30 12:47:22,119 - INFO - Sent actuator positions to RoboClaw → M1 (left): 762, M2 (right): 762 (counts)
2026-08-30 12:47:22,119 - INFO - 2026-08-30 12:47:22 APPLY → left_pos: 762, right_pos: 762 (counts), v_L: 0.75 m/s, v_R: 0.75 m/s
2026-08-30 12:47:22,119 - INFO - 2026-08-30 12:47:22 Path tracking needs correction: heading_ok=True (alpha=8.0deg), distance_ok=False (cross=4.709m)
2026-08-30 12:47:22,303 - INFO - 2026-08-30 12:47:22 [3.4 OBSERVED] current_turn_radius: infm
2026-08-30 12:47:22,303 - INFO - 2026-08-30 12:47:22 [3.4 OBSERVED] turn_direction: LEFT
2026-08-30 12:47:22,303 - INFO - 2026-08-30 12:47:22 [3.4 OBSERVED] estimated left/right wheel speeds: nan, nan m/s
2026-08-30 12:47:22,306 - INFO - 2026-08-30 12:47:22 [STATE] Current state: FOLLOWING_PATH
2026-08-30 12:47:22,306 - INFO - 2026-08-30 12:47:22 [FOLLOW] TRACK: progress=0.00m/37.2m seg=0 cross=4.71m alpha=-7.8° target=(0.00,0.00) R=inf STRAIGHT v=0.75 dwell=0.0s
2026-08-30 12:47:22,306 - WARNING - Unexpected turn_direction: STRAIGHT, defaulting to straight
2026-08-30 12:47:22,306 - INFO - 2026-08-30 12:47:22 Turn: STRAIGHT, R: infm, v_L: 0.75 m/s, v_R: 0.75 m/s
2026-08-30 12:47:22,306 - INFO - 2026-08-30 12:47:22 left_actuator_position: 762 (counts) from v_L 0.750 m/s
2026-08-30 12:47:22,306 - INFO - 2026-08-30 12:47:22 right_actuator_position: 762 (counts) from v_R 0.750 m/s
2026-08-30 12:47:22,319 - INFO - Sent actuator positions to RoboClaw → M1 (left): 762, M2 (right): 762 (counts)
2026-08-30 12:47:22,319 - INFO - 2026-08-30 12:47:22 APPLY → left_pos: 762, right_pos: 762 (counts), v_L: 0.75 m/s, v_R: 0.75 m/s
2026-08-30 12:47:22,319 - INFO - 2026-08-30 12:47:22 Path tracking needs correction: heading_ok=True (alpha=7.8deg), distance_ok=False (cross=4.709m)
2026-08-30 12:47:22,502 - INFO - 2026-08-30 12:47:22 [3.4 OBSERVED] current_turn_radius: 8.54m
2026-08-30 12:47:22,502 - INFO - 2026-08-30 12:47:22 [3.4 OBSERVED] turn_direction: RIGHT
2026-08-30 12:47:22,502 - INFO - 2026-08-30 12:47:22 [3.4 OBSERVED] estimated left/right wheel speeds: 0.353, 0.325 m/s
2026-08-30 12:47:22,506 - INFO - 2026-08-30 12:47:22 [STATE] Current state: FOLLOWING_PATH
2026-08-30 12:47:22,506 - INFO - 2026-08-30 12:47:22 [FOLLOW] TRACK: progress=0.00m/37.2m seg=0 cross=4.66m alpha=-8.6° target=(0.00,0.00) R=inf STRAIGHT v=0.75 dwell=0.0s
2026-08-30 12:47:22,506 - WARNING - Unexpected turn_direction: STRAIGHT, defaulting to straight
2026-08-30 12:47:22,506 - INFO - 2026-08-30 12:47:22 Turn: STRAIGHT, R: infm, v_L: 0.75 m/s, v_R: 0.75 m/s
2026-08-30 12:47:22,506 - INFO - 2026-08-30 12:47:22 left_actuator_position: 762 (counts) from v_L 0.750 m/s
2026-08-30 12:47:22,506 - INFO - 2026-08-30 12:47:22 right_actuator_position: 762 (counts) from v_R 0.750 m/s
2026-08-30 12:47:22,520 - INFO - Sent actuator positions to RoboClaw → M1 (left): 762, M2 (right): 762 (counts)
2026-08-30 12:47:22,520 - INFO - 2026-08-30 12:47:22 APPLY → left_pos: 762, right_pos: 762 (counts), v_L: 0.75 m/s, v_R: 0.75 m/s
2026-08-30 12:47:22,520 - INFO - 2026-08-30 12:47:22 Path tracking needs correction: heading_ok=True (alpha=8.6deg), distance_ok=False (cross=4.657m)
2026-08-30 12:47:22,708 - INFO - 2026-08-30 12:47:22 [3.4 OBSERVED] current_turn_radius: 1.85m
2026-08-30 12:47:22,708 - INFO - 2026-08-30 12:47:22 [3.4 OBSERVED] turn_direction: LEFT
2026-08-30 12:47:22,708 - INFO - 2026-08-30 12:47:22 [3.4 OBSERVED] estimated left/right wheel speeds: 0.495, 0.725 m/s
2026-08-30 12:47:22,710 - INFO - 2026-08-30 12:47:22 [STATE] Current state: FOLLOWING_PATH
2026-08-30 12:47:22,710 - INFO - 2026-08-30 12:47:22 [FOLLOW] TRACK: progress=0.00m/37.2m seg=0 cross=4.53m alpha=-5.3° target=(0.00,0.00) R=inf STRAIGHT v=0.75 dwell=0.0s
2026-08-30 12:47:22,710 - WARNING - Unexpected turn_direction: STRAIGHT, defaulting to straight
2026-08-30 12:47:22,710 - INFO - 2026-08-30 12:47:22 Turn: STRAIGHT, R: infm, v_L: 0.75 m/s, v_R: 0.75 m/s
2026-08-30 12:47:22,710 - INFO - 2026-08-30 12:47:22 left_actuator_position: 762 (counts) from v_L 0.750 m/s
2026-08-30 12:47:22,710 - INFO - 2026-08-30 12:47:22 right_actuator_position: 762 (counts) from v_R 0.750 m/s
2026-08-30 12:47:22,723 - INFO - Sent actuator positions to RoboClaw → M1 (left): 762, M2 (right): 762 (counts)
2026-08-30 12:47:22,723 - INFO - 2026-08-30 12:47:22 APPLY → left_pos: 762, right_pos: 762 (counts), v_L: 0.75 m/s, v_R: 0.75 m/s
2026-08-30 12:47:22,723 - INFO - 2026-08-30 12:47:22 Path tracking needs correction: heading_ok=True (alpha=5.3deg), distance_ok=False (cross=4.525m)
2026-08-30 12:47:22,913 - INFO - 2026-08-30 12:47:22 [3.4 OBSERVED] current_turn_radius: 2.15m
2026-08-30 12:47:22,913 - INFO - 2026-08-30 12:47:22 [3.4 OBSERVED] turn_direction: LEFT
2026-08-30 12:47:22,913 - INFO - 2026-08-30 12:47:22 [3.4 OBSERVED] estimated left/right wheel speeds: 0.580, 0.806 m/s
2026-08-30 12:47:22,916 - INFO - 2026-08-30 12:47:22 [STATE] Current state: FOLLOWING_PATH
2026-08-30 12:47:22,916 - INFO - 2026-08-30 12:47:22 [FOLLOW] TRACK: progress=0.00m/37.2m seg=0 cross=4.37m alpha=-1.3° target=(0.00,0.00) R=inf STRAIGHT v=0.75 dwell=0.0s
2026-08-30 12:47:22,916 - INFO - 2026-08-30 12:47:22 Turn: STRAIGHT, R: infm, v_L: 0.75 m/s, v_R: 0.75 m/s
2026-08-30 12:47:22,916 - INFO - 2026-08-30 12:47:22 left_actuator_position: 762 (counts) from v_L 0.750 m/s
2026-08-30 12:47:22,916 - INFO - 2026-08-30 12:47:22 right_actuator_position: 762 (counts) from v_R 0.750 m/s
2026-08-30 12:47:22,930 - INFO - Sent actuator positions to RoboClaw → M1 (left): 762, M2 (right): 762 (counts)
2026-08-30 12:47:22,930 - INFO - 2026-08-30 12:47:22 APPLY → left_pos: 762, right_pos: 762 (counts), v_L: 0.75 m/s, v_R: 0.75 m/s
2026-08-30 12:47:22,930 - INFO - 2026-08-30 12:47:22 Path tracking needs correction: heading_ok=True (alpha=1.3deg), distance_ok=False (cross=4.369m)
2026-08-30 12:47:23,117 - INFO - 2026-08-30 12:47:23 [3.4 OBSERVED] current_turn_radius: 4.06m
2026-08-30 12:47:23,117 - INFO - 2026-08-30 12:47:23 [3.4 OBSERVED] turn_direction: LEFT
2026-08-30 12:47:23,117 - INFO - 2026-08-30 12:47:23 [3.4 OBSERVED] estimated left/right wheel speeds: 0.782, 0.930 m/s
2026-08-30 12:47:23,120 - INFO - 2026-08-30 12:47:23 [STATE] Current state: FOLLOWING_PATH
2026-08-30 12:47:23,120 - INFO - 2026-08-30 12:47:23 [FOLLOW] TRACK: progress=0.00m/37.2m seg=0 cross=4.21m alpha=0.6° target=(0.00,0.00) R=1.05 RIGHT v=0.75 dwell=0.0s
2026-08-30 12:47:23,120 - INFO - 2026-08-30 12:47:23 Turn: RIGHT, R: 1.05m, v_L: 1.00 m/s, v_R: 0.50 m/s
2026-08-30 12:47:23,120 - INFO - 2026-08-30 12:47:23 left_actuator_position: 570 (counts) from v_L 0.999 m/s
2026-08-30 12:47:23,120 - INFO - 2026-08-30 12:47:23 right_actuator_position: 953 (counts) from v_R 0.501 m/s
2026-08-30 12:47:23,133 - INFO - Sent actuator positions to RoboClaw → M1 (left): 570, M2 (right): 953 (counts)
2026-08-30 12:47:23,133 - INFO - 2026-08-30 12:47:23 APPLY → left_pos: 570, right_pos: 953 (counts), v_L: 1.00 m/s, v_R: 0.50 m/s
2026-08-30 12:47:23,133 - INFO - 2026-08-30 12:47:23 Path tracking needs correction: heading_ok=True (alpha=0.6deg), distance_ok=False (cross=4.214m)
2026-08-30 12:47:23,309 - INFO - 2026-08-30 12:47:23 [3.4 OBSERVED] current_turn_radius: 3.59m
2026-08-30 12:47:23,309 - INFO - 2026-08-30 12:47:23 [3.4 OBSERVED] turn_direction: LEFT
2026-08-30 12:47:23,309 - INFO - 2026-08-30 12:47:23 [3.4 OBSERVED] estimated left/right wheel speeds: 0.657, 0.799 m/s
2026-08-30 12:47:23,313 - INFO - 2026-08-30 12:47:23 [STATE] Current state: FOLLOWING_PATH
2026-08-30 12:47:23,313 - INFO - 2026-08-30 12:47:23 [FOLLOW] TRACK: progress=0.00m/37.2m seg=0 cross=4.06m alpha=2.2° target=(0.00,0.00) R=1.01 RIGHT v=0.75 dwell=0.0s
2026-08-30 12:47:23,313 - INFO - 2026-08-30 12:47:23 Turn: RIGHT, R: 1.01m, v_L: 1.01 m/s, v_R: 0.49 m/s
2026-08-30 12:47:23,313 - INFO - 2026-08-30 12:47:23 left_actuator_position: 563 (counts) from v_L 1.009 m/s
2026-08-30 12:47:23,313 - INFO - 2026-08-30 12:47:23 right_actuator_position: 960 (counts) from v_R 0.491 m/s
2026-08-30 12:47:23,329 - INFO - Sent actuator positions to RoboClaw → M1 (left): 563, M2 (right): 960 (counts)
2026-08-30 12:47:23,329 - INFO - 2026-08-30 12:47:23 APPLY → left_pos: 563, right_pos: 960 (counts), v_L: 1.01 m/s, v_R: 0.49 m/s
2026-08-30 12:47:23,329 - INFO - 2026-08-30 12:47:23 Path tracking needs correction: heading_ok=True (alpha=2.2deg), distance_ok=False (cross=4.060m)
2026-08-30 12:47:23,530 - INFO - 2026-08-30 12:47:23 [3.4 OBSERVED] current_turn_radius: 7.18m
2026-08-30 12:47:23,530 - INFO - 2026-08-30 12:47:23 [3.4 OBSERVED] turn_direction: LEFT
2026-08-30 12:47:23,530 - INFO - 2026-08-30 12:47:23 [3.4 OBSERVED] estimated left/right wheel speeds: 0.789, 0.870 m/s
2026-08-30 12:47:23,533 - INFO - 2026-08-30 12:47:23 [STATE] Current state: FOLLOWING_PATH
2026-08-30 12:47:23,533 - INFO - 2026-08-30 12:47:23 [FOLLOW] TRACK: progress=0.00m/37.2m seg=0 cross=3.91m alpha=3.1° target=(0.00,0.00) R=0.98 RIGHT v=0.75 dwell=0.0s
2026-08-30 12:47:23,533 - INFO - 2026-08-30 12:47:23 Turn: RIGHT, R: 0.98m, v_L: 1.02 m/s, v_R: 0.48 m/s
2026-08-30 12:47:23,533 - INFO - 2026-08-30 12:47:23 left_actuator_position: 555 (counts) from v_L 1.018 m/s
2026-08-30 12:47:23,533 - INFO - 2026-08-30 12:47:23 right_actuator_position: 968 (counts) from v_R 0.482 m/s
2026-08-30 12:47:23,546 - INFO - Sent actuator positions to RoboClaw → M1 (left): 555, M2 (right): 968 (counts)
2026-08-30 12:47:23,546 - INFO - 2026-08-30 12:47:23 APPLY → left_pos: 555, right_pos: 968 (counts), v_L: 1.02 m/s, v_R: 0.48 m/s
2026-08-30 12:47:23,546 - INFO - 2026-08-30 12:47:23 Path tracking needs correction: heading_ok=True (alpha=3.1deg), distance_ok=False (cross=3.914m)
2026-08-30 12:47:23,712 - INFO - 2026-08-30 12:47:23 [3.4 OBSERVED] current_turn_radius: 48.03m
2026-08-30 12:47:23,712 - INFO - 2026-08-30 12:47:23 [3.4 OBSERVED] turn_direction: RIGHT
2026-08-30 12:47:23,712 - INFO - 2026-08-30 12:47:23 [3.4 OBSERVED] estimated left/right wheel speeds: 0.653, 0.643 m/s
2026-08-30 12:47:23,715 - INFO - 2026-08-30 12:47:23 [STATE] Current state: FOLLOWING_PATH
2026-08-30 12:47:23,715 - INFO - 2026-08-30 12:47:23 [FOLLOW] TRACK: progress=0.00m/37.2m seg=0 cross=3.75m alpha=2.4° target=(0.00,0.00) R=0.94 RIGHT v=0.75 dwell=0.0s
2026-08-30 12:47:23,715 - INFO - 2026-08-30 12:47:23 Turn: RIGHT, R: 0.94m, v_L: 1.03 m/s, v_R: 0.47 m/s
2026-08-30 12:47:23,715 - INFO - 2026-08-30 12:47:23 left_actuator_position: 546 (counts) from v_L 1.030 m/s
2026-08-30 12:47:23,715 - INFO - 2026-08-30 12:47:23 right_actuator_position: 977 (counts) from v_R 0.470 m/s
2026-08-30 12:47:23,729 - INFO - Sent actuator positions to RoboClaw → M1 (left): 546, M2 (right): 977 (counts)
2026-08-30 12:47:23,729 - INFO - 2026-08-30 12:47:23 APPLY → left_pos: 546, right_pos: 977 (counts), v_L: 1.03 m/s, v_R: 0.47 m/s
2026-08-30 12:47:23,729 - INFO - 2026-08-30 12:47:23 Path tracking needs correction: heading_ok=True (alpha=2.4deg), distance_ok=False (cross=3.746m)
2026-08-30 12:47:23,901 - INFO - 2026-08-30 12:47:23 [3.4 OBSERVED] current_turn_radius: 19.08m
2026-08-30 12:47:23,901 - INFO - 2026-08-30 12:47:23 [3.4 OBSERVED] turn_direction: LEFT
2026-08-30 12:47:23,901 - INFO - 2026-08-30 12:47:23 [3.4 OBSERVED] estimated left/right wheel speeds: 0.876, 0.909 m/s
2026-08-30 12:47:23,903 - INFO - 2026-08-30 12:47:23 [STATE] Current state: FOLLOWING_PATH
2026-08-30 12:47:23,903 - INFO - 2026-08-30 12:47:23 [FOLLOW] TRACK: progress=0.00m/37.2m seg=0 cross=3.55m alpha=3.6° target=(0.00,0.00) R=0.89 RIGHT v=0.75 dwell=0.0s
2026-08-30 12:47:23,903 - INFO - 2026-08-30 12:47:23 Turn: RIGHT, R: 0.89m, v_L: 1.05 m/s, v_R: 0.45 m/s
2026-08-30 12:47:23,903 - INFO - 2026-08-30 12:47:23 left_actuator_position: 534 (counts) from v_L 1.046 m/s
2026-08-30 12:47:23,903 - INFO - 2026-08-30 12:47:23 right_actuator_position: 989 (counts) from v_R 0.454 m/s
2026-08-30 12:47:23,916 - INFO - Sent actuator positions to RoboClaw → M1 (left): 534, M2 (right): 989 (counts)
2026-08-30 12:47:23,916 - INFO - 2026-08-30 12:47:23 APPLY → left_pos: 534, right_pos: 989 (counts), v_L: 1.05 m/s, v_R: 0.45 m/s
2026-08-30 12:47:23,916 - INFO - 2026-08-30 12:47:23 Path tracking needs correction: heading_ok=True (alpha=3.6deg), distance_ok=False (cross=3.546m)
2026-08-30 12:47:24,107 - INFO - 2026-08-30 12:47:24 [3.4 OBSERVED] current_turn_radius: 10.19m
2026-08-30 12:47:24,107 - INFO - 2026-08-30 12:47:24 [3.4 OBSERVED] turn_direction: RIGHT
2026-08-30 12:47:24,108 - INFO - 2026-08-30 12:47:24 [3.4 OBSERVED] estimated left/right wheel speeds: 1.003, 0.936 m/s
2026-08-30 12:47:24,109 - INFO - 2026-08-30 12:47:24 [STATE] Current state: FOLLOWING_PATH
2026-08-30 12:47:24,109 - INFO - 2026-08-30 12:47:24 [FOLLOW] TRACK: progress=0.00m/37.2m seg=0 cross=3.34m alpha=2.7° target=(0.00,0.00) R=0.84 RIGHT v=0.75 dwell=0.0s
2026-08-30 12:47:24,109 - INFO - 2026-08-30 12:47:24 Turn: RIGHT, R: 0.84m, v_L: 1.06 m/s, v_R: 0.44 m/s
2026-08-30 12:47:24,109 - INFO - 2026-08-30 12:47:24 left_actuator_position: 520 (counts) from v_L 1.064 m/s
2026-08-30 12:47:24,109 - INFO - 2026-08-30 12:47:24 right_actuator_position: 1003 (counts) from v_R 0.436 m/s
2026-08-30 12:47:24,123 - INFO - Sent actuator positions to RoboClaw → M1 (left): 520, M2 (right): 1003 (counts)
2026-08-30 12:47:24,123 - INFO - 2026-08-30 12:47:24 APPLY → left_pos: 520, right_pos: 1003 (counts), v_L: 1.06 m/s, v_R: 0.44 m/s
2026-08-30 12:47:24,123 - INFO - 2026-08-30 12:47:24 Path tracking needs correction: heading_ok=True (alpha=2.7deg), distance_ok=False (cross=3.342m)
2026-08-30 12:47:24,297 - INFO - 2026-08-30 12:47:24 [3.4 OBSERVED] current_turn_radius: 3.68m
2026-08-30 12:47:24,297 - INFO - 2026-08-30 12:47:24 [3.4 OBSERVED] turn_direction: RIGHT
2026-08-30 12:47:24,297 - INFO - 2026-08-30 12:47:24 [3.4 OBSERVED] estimated left/right wheel speeds: 1.163, 0.961 m/s
2026-08-30 12:47:24,299 - INFO - 2026-08-30 12:47:24 [STATE] Current state: FOLLOWING_PATH
2026-08-30 12:47:24,299 - INFO - 2026-08-30 12:47:24 [FOLLOW] TRACK: progress=0.00m/37.2m seg=0 cross=3.12m alpha=-0.0° target=(0.00,0.00) R=inf STRAIGHT v=0.75 dwell=0.0s
2026-08-30 12:47:24,299 - INFO - 2026-08-30 12:47:24 Turn: STRAIGHT, R: infm, v_L: 0.75 m/s, v_R: 0.75 m/s
2026-08-30 12:47:24,299 - INFO - 2026-08-30 12:47:24 left_actuator_position: 762 (counts) from v_L 0.750 m/s
2026-08-30 12:47:24,299 - INFO - 2026-08-30 12:47:24 right_actuator_position: 762 (counts) from v_R 0.750 m/s
2026-08-30 12:47:24,312 - INFO - Sent actuator positions to RoboClaw → M1 (left): 762, M2 (right): 762 (counts)
2026-08-30 12:47:24,312 - INFO - 2026-08-30 12:47:24 APPLY → left_pos: 762, right_pos: 762 (counts), v_L: 0.75 m/s, v_R: 0.75 m/s
2026-08-30 12:47:24,312 - INFO - 2026-08-30 12:47:24 Path tracking needs correction: heading_ok=True (alpha=0.0deg), distance_ok=False (cross=3.125m)
2026-08-30 12:47:24,507 - INFO - 2026-08-30 12:47:24 [3.4 OBSERVED] current_turn_radius: 3.53m
2026-08-30 12:47:24,507 - INFO - 2026-08-30 12:47:24 [3.4 OBSERVED] turn_direction: RIGHT
2026-08-30 12:47:24,507 - INFO - 2026-08-30 12:47:24 [3.4 OBSERVED] estimated left/right wheel speeds: 1.169, 0.958 m/s
2026-08-30 12:47:24,509 - INFO - 2026-08-30 12:47:24 [STATE] Current state: FOLLOWING_PATH
2026-08-30 12:47:24,509 - INFO - 2026-08-30 12:47:24 [FOLLOW] TRACK: progress=0.00m/37.2m seg=0 cross=2.92m alpha=-4.1° target=(0.00,0.00) R=inf STRAIGHT v=0.75 dwell=0.0s
2026-08-30 12:47:24,509 - WARNING - Unexpected turn_direction: STRAIGHT, defaulting to straight
2026-08-30 12:47:24,509 - INFO - 2026-08-30 12:47:24 Turn: STRAIGHT, R: infm, v_L: 0.75 m/s, v_R: 0.75 m/s
2026-08-30 12:47:24,509 - INFO - 2026-08-30 12:47:24 left_actuator_position: 762 (counts) from v_L 0.750 m/s
2026-08-30 12:47:24,509 - INFO - 2026-08-30 12:47:24 right_actuator_position: 762 (counts) from v_R 0.750 m/s
2026-08-30 12:47:24,526 - INFO - Sent actuator positions to RoboClaw → M1 (left): 762, M2 (right): 762 (counts)
2026-08-30 12:47:24,526 - INFO - 2026-08-30 12:47:24 APPLY → left_pos: 762, right_pos: 762 (counts), v_L: 0.75 m/s, v_R: 0.75 m/s
2026-08-30 12:47:24,526 - INFO - 2026-08-30 12:47:24 Path tracking needs correction: heading_ok=True (alpha=4.1deg), distance_ok=False (cross=2.918m)
2026-08-30 12:47:24,706 - INFO - 2026-08-30 12:47:24 [3.4 OBSERVED] current_turn_radius: 1.97m
2026-08-30 12:47:24,706 - INFO - 2026-08-30 12:47:24 [3.4 OBSERVED] turn_direction: RIGHT
2026-08-30 12:47:24,706 - INFO - 2026-08-30 12:47:24 [3.4 OBSERVED] estimated left/right wheel speeds: 1.034, 0.722 m/s
2026-08-30 12:47:24,709 - INFO - 2026-08-30 12:47:24 [STATE] Current state: FOLLOWING_PATH
2026-08-30 12:47:24,709 - INFO - 2026-08-30 12:47:24 [FOLLOW] TRACK: progress=0.00m/37.2m seg=0 cross=2.75m alpha=-9.2° target=(0.00,0.00) R=inf STRAIGHT v=0.75 dwell=0.0s
2026-08-30 12:47:24,709 - WARNING - Unexpected turn_direction: STRAIGHT, defaulting to straight
2026-08-30 12:47:24,709 - INFO - 2026-08-30 12:47:24 Turn: STRAIGHT, R: infm, v_L: 0.75 m/s, v_R: 0.75 m/s
2026-08-30 12:47:24,709 - INFO - 2026-08-30 12:47:24 left_actuator_position: 762 (counts) from v_L 0.750 m/s
2026-08-30 12:47:24,709 - INFO - 2026-08-30 12:47:24 right_actuator_position: 762 (counts) from v_R 0.750 m/s
2026-08-30 12:47:24,722 - INFO - Sent actuator positions to RoboClaw → M1 (left): 762, M2 (right): 762 (counts)
2026-08-30 12:47:24,722 - INFO - 2026-08-30 12:47:24 APPLY → left_pos: 762, right_pos: 762 (counts), v_L: 0.75 m/s, v_R: 0.75 m/s
2026-08-30 12:47:24,722 - INFO - 2026-08-30 12:47:24 Path tracking needs correction: heading_ok=True (alpha=9.2deg), distance_ok=False (cross=2.752m)
2026-08-30 12:47:24,911 - INFO - 2026-08-30 12:47:24 [3.4 OBSERVED] current_turn_radius: 1.54m
2026-08-30 12:47:24,911 - INFO - 2026-08-30 12:47:24 [3.4 OBSERVED] turn_direction: RIGHT
2026-08-30 12:47:24,911 - INFO - 2026-08-30 12:47:24 [3.4 OBSERVED] estimated left/right wheel speeds: 1.122, 0.706 m/s
2026-08-30 12:47:24,912 - INFO - 2026-08-30 12:47:24 [STATE] Current state: FOLLOWING_PATH
2026-08-30 12:47:24,912 - INFO - 2026-08-30 12:47:24 [FOLLOW] TRACK: progress=0.00m/37.2m seg=0 cross=2.58m alpha=-17.2° target=(0.00,0.00) R=inf STRAIGHT v=0.75 dwell=0.0s
2026-08-30 12:47:24,912 - WARNING - Unexpected turn_direction: STRAIGHT, defaulting to straight
2026-08-30 12:47:24,912 - INFO - 2026-08-30 12:47:24 Turn: STRAIGHT, R: infm, v_L: 0.75 m/s, v_R: 0.75 m/s
2026-08-30 12:47:24,912 - INFO - 2026-08-30 12:47:24 left_actuator_position: 762 (counts) from v_L 0.750 m/s
2026-08-30 12:47:24,913 - INFO - 2026-08-30 12:47:24 right_actuator_position: 762 (counts) from v_R 0.750 m/s
2026-08-30 12:47:24,926 - INFO - Sent actuator positions to RoboClaw → M1 (left): 762, M2 (right): 762 (counts)
2026-08-30 12:47:24,926 - INFO - 2026-08-30 12:47:24 APPLY → left_pos: 762, right_pos: 762 (counts), v_L: 0.75 m/s, v_R: 0.75 m/s
2026-08-30 12:47:24,926 - INFO - 2026-08-30 12:47:24 Path tracking needs correction: heading_ok=False (alpha=17.2deg), distance_ok=False (cross=2.575m)
2026-08-30 12:47:25,111 - INFO - 2026-08-30 12:47:25 [3.4 OBSERVED] current_turn_radius: 3.56m
2026-08-30 12:47:25,111 - INFO - 2026-08-30 12:47:25 [3.4 OBSERVED] turn_direction: RIGHT
2026-08-30 12:47:25,111 - INFO - 2026-08-30 12:47:25 [3.4 OBSERVED] estimated left/right wheel speeds: 1.216, 0.998 m/s
2026-08-30 12:47:25,112 - INFO - 2026-08-30 12:47:25 [STATE] Current state: FOLLOWING_PATH
2026-08-30 12:47:25,112 - INFO - 2026-08-30 12:47:25 [FOLLOW] TRACK: progress=0.00m/37.2m seg=0 cross=2.40m alpha=-22.8° target=(0.00,0.00) R=inf STRAIGHT v=0.75 dwell=0.0s
2026-08-30 12:47:25,112 - WARNING - Unexpected turn_direction: STRAIGHT, defaulting to straight
2026-08-30 12:47:25,112 - INFO - 2026-08-30 12:47:25 Turn: STRAIGHT, R: infm, v_L: 0.75 m/s, v_R: 0.75 m/s
2026-08-30 12:47:25,112 - INFO - 2026-08-30 12:47:25 left_actuator_position: 762 (counts) from v_L 0.750 m/s
2026-08-30 12:47:25,113 - INFO - 2026-08-30 12:47:25 right_actuator_position: 762 (counts) from v_R 0.750 m/s
2026-08-30 12:47:25,125 - INFO - Sent actuator positions to RoboClaw → M1 (left): 762, M2 (right): 762 (counts)
2026-08-30 12:47:25,125 - INFO - 2026-08-30 12:47:25 APPLY → left_pos: 762, right_pos: 762 (counts), v_L: 0.75 m/s, v_R: 0.75 m/s
2026-08-30 12:47:25,125 - INFO - 2026-08-30 12:47:25 Path tracking needs correction: heading_ok=False (alpha=22.8deg), distance_ok=False (cross=2.397m)
2026-08-30 12:47:25,304 - INFO - 2026-08-30 12:47:25 [3.4 OBSERVED] current_turn_radius: 3.41m
2026-08-30 12:47:25,304 - INFO - 2026-08-30 12:47:25 [3.4 OBSERVED] turn_direction: RIGHT
2026-08-30 12:47:25,304 - INFO - 2026-08-30 12:47:25 [3.4 OBSERVED] estimated left/right wheel speeds: 1.150, 0.936 m/s
2026-08-30 12:47:25,308 - INFO - 2026-08-30 12:47:25 [STATE] Current state: FOLLOWING_PATH
2026-08-30 12:47:25,308 - INFO - 2026-08-30 12:47:25 [FOLLOW] TRACK: progress=0.00m/37.2m seg=0 cross=2.18m alpha=-27.4° target=(0.00,0.00) R=inf STRAIGHT v=0.75 dwell=0.0s
2026-08-30 12:47:25,308 - WARNING - Unexpected turn_direction: STRAIGHT, defaulting to straight
2026-08-30 12:47:25,308 - INFO - 2026-08-30 12:47:25 Turn: STRAIGHT, R: infm, v_L: 0.75 m/s, v_R: 0.75 m/s
2026-08-30 12:47:25,308 - INFO - 2026-08-30 12:47:25 left_actuator_position: 762 (counts) from v_L 0.750 m/s
2026-08-30 12:47:25,309 - INFO - 2026-08-30 12:47:25 right_actuator_position: 762 (counts) from v_R 0.750 m/s
2026-08-30 12:47:25,321 - INFO - Sent actuator positions to RoboClaw → M1 (left): 762, M2 (right): 762 (counts)
2026-08-30 12:47:25,321 - INFO - 2026-08-30 12:47:25 APPLY → left_pos: 762, right_pos: 762 (counts), v_L: 0.75 m/s, v_R: 0.75 m/s
2026-08-30 12:47:25,321 - INFO - 2026-08-30 12:47:25 Path tracking needs correction: heading_ok=False (alpha=27.4deg), distance_ok=False (cross=2.183m)
2026-08-30 12:47:25,513 - INFO - 2026-08-30 12:47:25 [3.4 OBSERVED] current_turn_radius: 28.02m
2026-08-30 12:47:25,513 - INFO - 2026-08-30 12:47:25 [3.4 OBSERVED] turn_direction: LEFT
2026-08-30 12:47:25,513 - INFO - 2026-08-30 12:47:25 [3.4 OBSERVED] estimated left/right wheel speeds: 0.756, 0.776 m/s
2026-08-30 12:47:25,515 - INFO - 2026-08-30 12:47:25 [STATE] Current state: FOLLOWING_PATH
2026-08-30 12:47:25,515 - INFO - 2026-08-30 12:47:25 [FOLLOW] TRACK: progress=0.00m/37.2m seg=0 cross=2.06m alpha=-29.6° target=(0.00,0.00) R=2.08 LEFT v=0.75 dwell=0.0s
2026-08-30 12:47:25,515 - INFO - 2026-08-30 12:47:25 Turn: LEFT, R: 2.08m, v_L: 0.62 m/s, v_R: 0.88 m/s
2026-08-30 12:47:25,515 - INFO - 2026-08-30 12:47:25 left_actuator_position: 859 (counts) from v_L 0.624 m/s
2026-08-30 12:47:25,516 - INFO - 2026-08-30 12:47:25 right_actuator_position: 664 (counts) from v_R 0.876 m/s
2026-08-30 12:47:25,529 - INFO - Sent actuator positions to RoboClaw → M1 (left): 859, M2 (right): 664 (counts)
2026-08-30 12:47:25,529 - INFO - 2026-08-30 12:47:25 APPLY → left_pos: 859, right_pos: 664 (counts), v_L: 0.62 m/s, v_R: 0.88 m/s
2026-08-30 12:47:25,529 - INFO - 2026-08-30 12:47:25 Path tracking needs correction: heading_ok=False (alpha=29.6deg), distance_ok=False (cross=2.058m)
2026-08-30 12:47:25,717 - INFO - 2026-08-30 12:47:25 [3.4 OBSERVED] current_turn_radius: 1.93m
2026-08-30 12:47:25,717 - INFO - 2026-08-30 12:47:25 [3.4 OBSERVED] turn_direction: RIGHT
2026-08-30 12:47:25,717 - INFO - 2026-08-30 12:47:25 [3.4 OBSERVED] estimated left/right wheel speeds: 1.151, 0.798 m/s
2026-08-30 12:47:25,719 - INFO - 2026-08-30 12:47:25 [STATE] Current state: FOLLOWING_PATH
2026-08-30 12:47:25,719 - INFO - 2026-08-30 12:47:25 [FOLLOW] TRACK: progress=0.00m/37.2m seg=0 cross=1.92m alpha=-39.1° target=(0.00,0.00) R=1.44 LEFT v=0.75 dwell=0.0s
2026-08-30 12:47:25,719 - INFO - 2026-08-30 12:47:25 Turn: LEFT, R: 1.44m, v_L: 0.57 m/s, v_R: 0.93 m/s
2026-08-30 12:47:25,719 - INFO - 2026-08-30 12:47:25 left_actuator_position: 901 (counts) from v_L 0.568 m/s
2026-08-30 12:47:25,719 - INFO - 2026-08-30 12:47:25 right_actuator_position: 622 (counts) from v_R 0.932 m/s
2026-08-30 12:47:25,732 - INFO - Sent actuator positions to RoboClaw → M1 (left): 901, M2 (right): 622 (counts)
2026-08-30 12:47:25,732 - INFO - 2026-08-30 12:47:25 APPLY → left_pos: 901, right_pos: 622 (counts), v_L: 0.57 m/s, v_R: 0.93 m/s
2026-08-30 12:47:25,732 - INFO - 2026-08-30 12:47:25 Path tracking needs correction: heading_ok=False (alpha=39.1deg), distance_ok=False (cross=1.923m)
2026-08-30 12:47:25,925 - INFO - 2026-08-30 12:47:25 [3.4 OBSERVED] current_turn_radius: 6.91m
2026-08-30 12:47:25,926 - INFO - 2026-08-30 12:47:25 [3.4 OBSERVED] turn_direction: RIGHT
2026-08-30 12:47:25,926 - INFO - 2026-08-30 12:47:25 [3.4 OBSERVED] estimated left/right wheel speeds: 1.044, 0.944 m/s
2026-08-30 12:47:25,928 - INFO - 2026-08-30 12:47:25 [STATE] Current state: FOLLOWING_PATH
2026-08-30 12:47:25,928 - INFO - 2026-08-30 12:47:25 [FOLLOW] TRACK: progress=0.00m/37.2m seg=0 cross=1.77m alpha=-45.2° target=(0.00,0.00) R=1.06 LEFT v=0.75 dwell=0.0s
2026-08-30 12:47:25,928 - INFO - 2026-08-30 12:47:25 Turn: LEFT, R: 1.06m, v_L: 0.50 m/s, v_R: 1.00 m/s
2026-08-30 12:47:25,929 - INFO - 2026-08-30 12:47:25 left_actuator_position: 952 (counts) from v_L 0.503 m/s
2026-08-30 12:47:25,929 - INFO - 2026-08-30 12:47:25 right_actuator_position: 572 (counts) from v_R 0.997 m/s
2026-08-30 12:47:25,942 - INFO - Sent actuator positions to RoboClaw → M1 (left): 952, M2 (right): 572 (counts)
2026-08-30 12:47:25,942 - INFO - 2026-08-30 12:47:25 APPLY → left_pos: 952, right_pos: 572 (counts), v_L: 0.50 m/s, v_R: 1.00 m/s
2026-08-30 12:47:25,942 - INFO - 2026-08-30 12:47:25 Path tracking needs correction: heading_ok=False (alpha=45.2deg), distance_ok=False (cross=1.773m)
2026-08-30 12:47:26,121 - INFO - 2026-08-30 12:47:26 [3.4 OBSERVED] current_turn_radius: 6.35m
2026-08-30 12:47:26,121 - INFO - 2026-08-30 12:47:26 [3.4 OBSERVED] turn_direction: LEFT
2026-08-30 12:47:26,121 - INFO - 2026-08-30 12:47:26 [3.4 OBSERVED] estimated left/right wheel speeds: 0.992, 1.107 m/s
2026-08-30 12:47:26,124 - INFO - 2026-08-30 12:47:26 [STATE] Current state: FOLLOWING_PATH
2026-08-30 12:47:26,124 - INFO - 2026-08-30 12:47:26 [FOLLOW] TRACK: progress=0.00m/37.2m seg=0 cross=1.65m alpha=-49.1° target=(0.00,0.00) R=0.76 LEFT v=0.75 dwell=0.0s
2026-08-30 12:47:26,125 - INFO - 2026-08-30 12:47:26 Turn: LEFT, R: 0.76m, v_L: 0.40 m/s, v_R: 1.10 m/s
2026-08-30 12:47:26,125 - INFO - 2026-08-30 12:47:26 left_actuator_position: 1028 (counts) from v_L 0.404 m/s
2026-08-30 12:47:26,125 - INFO - 2026-08-30 12:47:26 right_actuator_position: 496 (counts) from v_R 1.096 m/s
2026-08-30 12:47:26,138 - INFO - Sent actuator positions to RoboClaw → M1 (left): 1028, M2 (right): 496 (counts)
2026-08-30 12:47:26,138 - INFO - 2026-08-30 12:47:26 APPLY → left_pos: 1028, right_pos: 496 (counts), v_L: 0.40 m/s, v_R: 1.10 m/s
2026-08-30 12:47:26,138 - INFO - 2026-08-30 12:47:26 Path tracking needs correction: heading_ok=False (alpha=49.1deg), distance_ok=False (cross=1.650m)
2026-08-30 12:47:26,316 - INFO - 2026-08-30 12:47:26 [3.4 OBSERVED] current_turn_radius: 2.26m
2026-08-30 12:47:26,316 - INFO - 2026-08-30 12:47:26 [3.4 OBSERVED] turn_direction: LEFT
2026-08-30 12:47:26,316 - INFO - 2026-08-30 12:47:26 [3.4 OBSERVED] estimated left/right wheel speeds: 0.879, 1.201 m/s
2026-08-30 12:47:26,318 - INFO - 2026-08-30 12:47:26 [STATE] Current state: FOLLOWING_PATH
2026-08-30 12:47:26,318 - INFO - 2026-08-30 12:47:26 [FOLLOW] TRACK: progress=0.00m/37.2m seg=0 cross=1.60m alpha=-50.5° target=(0.00,0.00) R=0.49 LEFT v=0.75 dwell=0.0s
2026-08-30 12:47:26,318 - INFO - 2026-08-30 12:47:26 Turn: LEFT, R: 0.49m, v_L: 0.21 m/s, v_R: 1.29 m/s
2026-08-30 12:47:26,319 - INFO - 2026-08-30 12:47:26 left_actuator_position: 1100 (counts) from v_L 0.215 m/s
2026-08-30 12:47:26,319 - INFO - 2026-08-30 12:47:26 right_actuator_position: 420 (counts) from v_R 1.285 m/s
2026-08-30 12:47:26,334 - INFO - Sent actuator positions to RoboClaw → M1 (left): 1100, M2 (right): 420 (counts)
2026-08-30 12:47:26,334 - INFO - 2026-08-30 12:47:26 APPLY → left_pos: 1100, right_pos: 420 (counts), v_L: 0.21 m/s, v_R: 1.29 m/s
2026-08-30 12:47:26,335 - INFO - 2026-08-30 12:47:26 Path tracking needs correction: heading_ok=False (alpha=50.5deg), distance_ok=False (cross=1.602m)
2026-08-30 12:47:26,520 - INFO - 2026-08-30 12:47:26 [3.4 OBSERVED] current_turn_radius: 1.74m
2026-08-30 12:47:26,520 - INFO - 2026-08-30 12:47:26 [3.4 OBSERVED] turn_direction: LEFT
2026-08-30 12:47:26,520 - INFO - 2026-08-30 12:47:26 [3.4 OBSERVED] estimated left/right wheel speeds: 0.784, 1.180 m/s
2026-08-30 12:47:26,521 - INFO - 2026-08-30 12:47:26 [STATE] Current state: FOLLOWING_PATH
2026-08-30 12:47:26,521 - INFO - 2026-08-30 12:47:26 [FOLLOW] TRACK: progress=0.00m/37.2m seg=0 cross=1.49m alpha=-49.9° target=(0.00,0.00) R=0.17 LEFT v=0.75 dwell=0.0s
2026-08-30 12:47:26,522 - INFO - 2026-08-30 12:47:26 TIGHT TURN - Reverse wheel motion required (v_L=-0.79, v_R=2.29)
2026-08-30 12:47:26,522 - INFO - 2026-08-30 12:47:26 Turn: LEFT, R: 0.17m, v_L: -0.79 m/s, v_R: 2.29 m/s
2026-08-30 12:47:26,522 - INFO - 2026-08-30 12:47:26 left_actuator_position: 1450 (counts) from v_L -0.788 m/s
2026-08-30 12:47:26,522 - INFO - 2026-08-30 12:47:26 right_actuator_position: 420 (counts) from v_R 2.288 m/s
2026-08-30 12:47:26,535 - INFO - Sent actuator positions to RoboClaw → M1 (left): 1450, M2 (right): 420 (counts)
2026-08-30 12:47:26,535 - INFO - 2026-08-30 12:47:26 APPLY → left_pos: 1450, right_pos: 420 (counts), v_L: -0.79 m/s, v_R: 2.29 m/s
2026-08-30 12:47:26,535 - INFO - 2026-08-30 12:47:26 Path tracking needs correction: heading_ok=False (alpha=49.9deg), distance_ok=False (cross=1.486m)
2026-08-30 12:47:26,717 - INFO - 2026-08-30 12:47:26 [3.4 OBSERVED] current_turn_radius: 1.04m
2026-08-30 12:47:26,717 - INFO - 2026-08-30 12:47:26 [3.4 OBSERVED] turn_direction: LEFT
2026-08-30 12:47:26,717 - INFO - 2026-08-30 12:47:26 [3.4 OBSERVED] estimated left/right wheel speeds: 0.697, 1.405 m/s
2026-08-30 12:47:26,720 - INFO - 2026-08-30 12:47:26 [STATE] Current state: FOLLOWING_PATH
2026-08-30 12:47:26,721 - INFO - 2026-08-30 12:47:26 [FOLLOW] TRACK: progress=0.00m/37.2m seg=0 cross=1.39m alpha=-46.6° target=(0.00,0.00) R=0.35 LEFT v=0.75 dwell=0.0s
2026-08-30 12:47:26,721 - INFO - 2026-08-30 12:47:26 TIGHT TURN - Reverse wheel motion required (v_L=-0.01, v_R=1.51)
2026-08-30 12:47:26,721 - INFO - 2026-08-30 12:47:26 Turn: LEFT, R: 0.35m, v_L: -0.01 m/s, v_R: 1.51 m/s
2026-08-30 12:47:26,721 - INFO - 2026-08-30 12:47:26 left_actuator_position: 1343 (counts) from v_L -0.006 m/s
2026-08-30 12:47:26,721 - INFO - 2026-08-30 12:47:26 right_actuator_position: 420 (counts) from v_R 1.506 m/s
2026-08-30 12:47:26,734 - INFO - Sent actuator positions to RoboClaw → M1 (left): 1343, M2 (right): 420 (counts)
2026-08-30 12:47:26,734 - INFO - 2026-08-30 12:47:26 APPLY → left_pos: 1343, right_pos: 420 (counts), v_L: -0.01 m/s, v_R: 1.51 m/s
2026-08-30 12:47:26,735 - INFO - 2026-08-30 12:47:26 Path tracking needs correction: heading_ok=False (alpha=46.6deg), distance_ok=False (cross=1.389m)
2026-08-30 12:47:26,911 - INFO - 2026-08-30 12:47:26 [3.4 OBSERVED] current_turn_radius: 1.12m
2026-08-30 12:47:26,911 - INFO - 2026-08-30 12:47:26 [3.4 OBSERVED] turn_direction: LEFT
2026-08-30 12:47:26,911 - INFO - 2026-08-30 12:47:26 [3.4 OBSERVED] estimated left/right wheel speeds: 0.820, 1.562 m/s
2026-08-30 12:47:26,915 - INFO - 2026-08-30 12:47:26 [STATE] Current state: FOLLOWING_PATH
2026-08-30 12:47:26,915 - INFO - 2026-08-30 12:47:26 [FOLLOW] TRACK: progress=0.00m/37.2m seg=0 cross=1.27m alpha=-43.8° target=(0.00,0.00) R=0.32 LEFT v=0.75 dwell=0.0s
2026-08-30 12:47:26,915 - INFO - 2026-08-30 12:47:26 TIGHT TURN - Reverse wheel motion required (v_L=-0.08, v_R=1.58)
2026-08-30 12:47:26,915 - INFO - 2026-08-30 12:47:26 Turn: LEFT, R: 0.32m, v_L: -0.08 m/s, v_R: 1.58 m/s
2026-08-30 12:47:26,916 - INFO - 2026-08-30 12:47:26 left_actuator_position: 1399 (counts) from v_L -0.079 m/s
2026-08-30 12:47:26,916 - INFO - 2026-08-30 12:47:26 right_actuator_position: 420 (counts) from v_R 1.579 m/s
2026-08-30 12:47:26,928 - INFO - Sent actuator positions to RoboClaw → M1 (left): 1399, M2 (right): 420 (counts)
2026-08-30 12:47:26,928 - INFO - 2026-08-30 12:47:26 APPLY → left_pos: 1399, right_pos: 420 (counts), v_L: -0.08 m/s, v_R: 1.58 m/s
2026-08-30 12:47:26,929 - INFO - 2026-08-30 12:47:26 Path tracking needs correction: heading_ok=False (alpha=43.8deg), distance_ok=False (cross=1.267m)
2026-08-30 12:47:27,117 - INFO - 2026-08-30 12:47:27 [3.4 OBSERVED] current_turn_radius: 1.50m
2026-08-30 12:47:27,117 - INFO - 2026-08-30 12:47:27 [3.4 OBSERVED] turn_direction: LEFT
2026-08-30 12:47:27,117 - INFO - 2026-08-30 12:47:27 [3.4 OBSERVED] estimated left/right wheel speeds: 0.994, 1.601 m/s
2026-08-30 12:47:27,120 - INFO - 2026-08-30 12:47:27 [STATE] Current state: FOLLOWING_PATH
2026-08-30 12:47:27,120 - INFO - 2026-08-30 12:47:27 [FOLLOW] TRACK: progress=0.00m/37.2m seg=0 cross=1.13m alpha=-44.5° target=(0.00,0.00) R=0.28 LEFT v=0.75 dwell=0.0s
2026-08-30 12:47:27,120 - INFO - 2026-08-30 12:47:27 TIGHT TURN - Reverse wheel motion required (v_L=-0.18, v_R=1.68)
2026-08-30 12:47:27,121 - INFO - 2026-08-30 12:47:27 Turn: LEFT, R: 0.28m, v_L: -0.18 m/s, v_R: 1.68 m/s
2026-08-30 12:47:27,121 - INFO - 2026-08-30 12:47:27 left_actuator_position: 1450 (counts) from v_L -0.183 m/s
2026-08-30 12:47:27,121 - INFO - 2026-08-30 12:47:27 right_actuator_position: 420 (counts) from v_R 1.683 m/s
2026-08-30 12:47:27,134 - INFO - Sent actuator positions to RoboClaw → M1 (left): 1450, M2 (right): 420 (counts)
2026-08-30 12:47:27,134 - INFO - 2026-08-30 12:47:27 APPLY → left_pos: 1450, right_pos: 420 (counts), v_L: -0.18 m/s, v_R: 1.68 m/s
2026-08-30 12:47:27,135 - INFO - 2026-08-30 12:47:27 Path tracking needs correction: heading_ok=False (alpha=44.5deg), distance_ok=False (cross=1.125m)
2026-08-30 12:47:27,306 - INFO - 2026-08-30 12:47:27 [3.4 OBSERVED] current_turn_radius: 1.51m
2026-08-30 12:47:27,306 - INFO - 2026-08-30 12:47:27 [3.4 OBSERVED] turn_direction: LEFT
2026-08-30 12:47:27,306 - INFO - 2026-08-30 12:47:27 [3.4 OBSERVED] estimated left/right wheel speeds: 1.048, 1.683 m/s
2026-08-30 12:47:27,308 - INFO - 2026-08-30 12:47:27 [STATE] Current state: FOLLOWING_PATH
2026-08-30 12:47:27,308 - INFO - 2026-08-30 12:47:27 [FOLLOW] TRACK: progress=0.00m/37.2m seg=0 cross=1.00m alpha=-47.5° target=(0.00,0.00) R=0.25 LEFT v=0.75 dwell=0.0s
2026-08-30 12:47:27,308 - INFO - 2026-08-30 12:47:27 TIGHT TURN - Reverse wheel motion required (v_L=-0.30, v_R=1.80)
2026-08-30 12:47:27,308 - INFO - 2026-08-30 12:47:27 Turn: LEFT, R: 0.25m, v_L: -0.30 m/s, v_R: 1.80 m/s
2026-08-30 12:47:27,309 - INFO - 2026-08-30 12:47:27 left_actuator_position: 1450 (counts) from v_L -0.297 m/s
2026-08-30 12:47:27,309 - INFO - 2026-08-30 12:47:27 right_actuator_position: 420 (counts) from v_R 1.797 m/s
2026-08-30 12:47:27,321 - INFO - Sent actuator positions to RoboClaw → M1 (left): 1450, M2 (right): 420 (counts)
2026-08-30 12:47:27,321 - INFO - 2026-08-30 12:47:27 APPLY → left_pos: 1450, right_pos: 420 (counts), v_L: -0.30 m/s, v_R: 1.80 m/s
2026-08-30 12:47:27,321 - INFO - 2026-08-30 12:47:27 Path tracking needs correction: heading_ok=False (alpha=47.5deg), distance_ok=False (cross=1.003m)
2026-08-30 12:47:27,506 - INFO - 2026-08-30 12:47:27 [3.4 OBSERVED] current_turn_radius: 1.47m
2026-08-30 12:47:27,506 - INFO - 2026-08-30 12:47:27 [3.4 OBSERVED] turn_direction: LEFT
2026-08-30 12:47:27,506 - INFO - 2026-08-30 12:47:27 [3.4 OBSERVED] estimated left/right wheel speeds: 1.061, 1.727 m/s
2026-08-30 12:47:27,508 - INFO - 2026-08-30 12:47:27 [STATE] Current state: FOLLOWING_PATH
2026-08-30 12:47:27,508 - INFO - 2026-08-30 12:47:27 [FOLLOW] TRACK: progress=0.00m/37.2m seg=0 cross=0.87m alpha=-54.5° target=(0.00,0.00) R=0.22 LEFT v=0.75 dwell=0.0s
2026-08-30 12:47:27,508 - INFO - 2026-08-30 12:47:27 TIGHT TURN - Reverse wheel motion required (v_L=-0.45, v_R=1.95)
2026-08-30 12:47:27,509 - INFO - 2026-08-30 12:47:27 Turn: LEFT, R: 0.22m, v_L: -0.45 m/s, v_R: 1.95 m/s
2026-08-30 12:47:27,509 - INFO - 2026-08-30 12:47:27 left_actuator_position: 1450 (counts) from v_L -0.452 m/s
2026-08-30 12:47:27,509 - INFO - 2026-08-30 12:47:27 right_actuator_position: 420 (counts) from v_R 1.952 m/s
2026-08-30 12:47:27,521 - INFO - Sent actuator positions to RoboClaw → M1 (left): 1450, M2 (right): 420 (counts)
2026-08-30 12:47:27,521 - INFO - 2026-08-30 12:47:27 APPLY → left_pos: 1450, right_pos: 420 (counts), v_L: -0.45 m/s, v_R: 1.95 m/s
2026-08-30 12:47:27,522 - INFO - 2026-08-30 12:47:27 Path tracking needs correction: heading_ok=False (alpha=54.5deg), distance_ok=False (cross=0.874m)
2026-08-30 12:47:27,710 - INFO - 2026-08-30 12:47:27 [3.4 OBSERVED] current_turn_radius: 2.91m
2026-08-30 12:47:27,710 - INFO - 2026-08-30 12:47:27 [3.4 OBSERVED] turn_direction: LEFT
2026-08-30 12:47:27,710 - INFO - 2026-08-30 12:47:27 [3.4 OBSERVED] estimated left/right wheel speeds: 1.306, 1.664 m/s
2026-08-30 12:47:27,713 - INFO - 2026-08-30 12:47:27 [STATE] Current state: FOLLOWING_PATH
2026-08-30 12:47:27,713 - INFO - 2026-08-30 12:47:27 [FOLLOW] TRACK: progress=0.00m/37.2m seg=0 cross=0.81m alpha=-68.9° target=(0.00,0.00) R=0.20 LEFT v=0.75 dwell=0.0s
2026-08-30 12:47:27,713 - INFO - 2026-08-30 12:47:27 TIGHT TURN - Reverse wheel motion required (v_L=-0.55, v_R=2.05)
2026-08-30 12:47:27,714 - INFO - 2026-08-30 12:47:27 Turn: LEFT, R: 0.20m, v_L: -0.55 m/s, v_R: 2.05 m/s
2026-08-30 12:47:27,714 - INFO - 2026-08-30 12:47:27 left_actuator_position: 1450 (counts) from v_L -0.550 m/s
2026-08-30 12:47:27,714 - INFO - 2026-08-30 12:47:27 right_actuator_position: 420 (counts) from v_R 2.050 m/s
2026-08-30 12:47:27,727 - INFO - Sent actuator positions to RoboClaw → M1 (left): 1450, M2 (right): 420 (counts)
2026-08-30 12:47:27,727 - INFO - 2026-08-30 12:47:27 APPLY → left_pos: 1450, right_pos: 420 (counts), v_L: -0.55 m/s, v_R: 2.05 m/s
2026-08-30 12:47:27,727 - INFO - 2026-08-30 12:47:27 Path tracking needs correction: heading_ok=False (alpha=68.9deg), distance_ok=False (cross=0.808m)
2026-08-30 12:47:27,907 - INFO - 2026-08-30 12:47:27 [3.4 OBSERVED] current_turn_radius: 2.13m
2026-08-30 12:47:27,907 - INFO - 2026-08-30 12:47:27 [3.4 OBSERVED] turn_direction: LEFT
2026-08-30 12:47:27,907 - INFO - 2026-08-30 12:47:27 [3.4 OBSERVED] estimated left/right wheel speeds: 1.019, 1.420 m/s
2026-08-30 12:47:27,911 - INFO - 2026-08-30 12:47:27 [STATE] Current state: FOLLOWING_PATH
2026-08-30 12:47:27,911 - INFO - 2026-08-30 12:47:27 [FOLLOW] TRACK: progress=0.05m/37.2m seg=0 cross=0.78m alpha=-79.8° target=(0.00,0.00) R=0.19 LEFT v=0.75 dwell=0.0s
2026-08-30 12:47:27,911 - INFO - 2026-08-30 12:47:27 TIGHT TURN - Reverse wheel motion required (v_L=-0.60, v_R=2.10)
2026-08-30 12:47:27,912 - INFO - 2026-08-30 12:47:27 Turn: LEFT, R: 0.19m, v_L: -0.60 m/s, v_R: 2.10 m/s
2026-08-30 12:47:27,912 - INFO - 2026-08-30 12:47:27 left_actuator_position: 1450 (counts) from v_L -0.601 m/s
2026-08-30 12:47:27,912 - INFO - 2026-08-30 12:47:27 right_actuator_position: 420 (counts) from v_R 2.101 m/s
2026-08-30 12:47:27,924 - INFO - Sent actuator positions to RoboClaw → M1 (left): 1450, M2 (right): 420 (counts)
2026-08-30 12:47:27,924 - INFO - 2026-08-30 12:47:27 APPLY → left_pos: 1450, right_pos: 420 (counts), v_L: -0.60 m/s, v_R: 2.10 m/s
2026-08-30 12:47:27,924 - INFO - 2026-08-30 12:47:27 Path tracking needs correction: heading_ok=False (alpha=79.8deg), distance_ok=False (cross=0.775m)
2026-08-30 12:47:28,131 - INFO - 2026-08-30 12:47:28 [3.4 OBSERVED] current_turn_radius: 1.95m
2026-08-30 12:47:28,131 - INFO - 2026-08-30 12:47:28 [3.4 OBSERVED] turn_direction: LEFT
2026-08-30 12:47:28,131 - INFO - 2026-08-30 12:47:28 [3.4 OBSERVED] estimated left/right wheel speeds: 1.051, 1.510 m/s
2026-08-30 12:47:28,134 - INFO - 2026-08-30 12:47:28 [STATE] Current state: FOLLOWING_PATH
2026-08-30 12:47:28,135 - INFO - 2026-08-30 12:47:28 [FOLLOW] TRACK: progress=0.31m/37.2m seg=0 cross=0.75m alpha=-90.0° target=(0.00,0.00) R=0.20 LEFT v=0.75 dwell=0.0s
2026-08-30 12:47:28,135 - INFO - 2026-08-30 12:47:28 TIGHT TURN - Reverse wheel motion required (v_L=-0.54, v_R=2.04)
2026-08-30 12:47:28,135 - INFO - 2026-08-30 12:47:28 Turn: LEFT, R: 0.20m, v_L: -0.54 m/s, v_R: 2.04 m/s
2026-08-30 12:47:28,135 - INFO - 2026-08-30 12:47:28 left_actuator_position: 1450 (counts) from v_L -0.544 m/s
2026-08-30 12:47:28,135 - INFO - 2026-08-30 12:47:28 right_actuator_position: 420 (counts) from v_R 2.044 m/s
2026-08-30 12:47:28,147 - INFO - Sent actuator positions to RoboClaw → M1 (left): 1450, M2 (right): 420 (counts)
2026-08-30 12:47:28,147 - INFO - 2026-08-30 12:47:28 APPLY → left_pos: 1450, right_pos: 420 (counts), v_L: -0.54 m/s, v_R: 2.04 m/s
2026-08-30 12:47:28,147 - INFO - 2026-08-30 12:47:28 Path tracking needs correction: heading_ok=False (alpha=90.0deg), distance_ok=False (cross=0.749m)
2026-08-30 12:47:28,316 - INFO - 2026-08-30 12:47:28 [3.4 OBSERVED] current_turn_radius: 1.83m
2026-08-30 12:47:28,316 - INFO - 2026-08-30 12:47:28 [3.4 OBSERVED] turn_direction: LEFT
2026-08-30 12:47:28,316 - INFO - 2026-08-30 12:47:28 [3.4 OBSERVED] estimated left/right wheel speeds: 1.041, 1.533 m/s
2026-08-30 12:47:28,317 - INFO - 2026-08-30 12:47:28 [STATE] Current state: FOLLOWING_PATH
2026-08-30 12:47:28,317 - INFO - 2026-08-30 12:47:28 [FOLLOW] TRACK: progress=0.54m/37.2m seg=1 cross=0.73m alpha=-98.2° target=(0.00,0.00) R=0.23 LEFT v=0.75 dwell=0.0s
2026-08-30 12:47:28,318 - INFO - 2026-08-30 12:47:28 TIGHT TURN - Reverse wheel motion required (v_L=-0.39, v_R=1.89)
2026-08-30 12:47:28,318 - INFO - 2026-08-30 12:47:28 Turn: LEFT, R: 0.23m, v_L: -0.39 m/s, v_R: 1.89 m/s
2026-08-30 12:47:28,318 - INFO - 2026-08-30 12:47:28 left_actuator_position: 1450 (counts) from v_L -0.391 m/s
2026-08-30 12:47:28,318 - INFO - 2026-08-30 12:47:28 right_actuator_position: 420 (counts) from v_R 1.891 m/s
2026-08-30 12:47:28,331 - INFO - Sent actuator positions to RoboClaw → M1 (left): 1450, M2 (right): 420 (counts)
2026-08-30 12:47:28,331 - INFO - 2026-08-30 12:47:28 APPLY → left_pos: 1450, right_pos: 420 (counts), v_L: -0.39 m/s, v_R: 1.89 m/s
2026-08-30 12:47:28,331 - INFO - 2026-08-30 12:47:28 Path tracking needs correction: heading_ok=False (alpha=98.2deg), distance_ok=False (cross=0.733m)
2026-08-30 12:47:28,508 - INFO - 2026-08-30 12:47:28 [3.4 OBSERVED] current_turn_radius: 0.95m
2026-08-30 12:47:28,508 - INFO - 2026-08-30 12:47:28 [3.4 OBSERVED] turn_direction: LEFT
2026-08-30 12:47:28,508 - INFO - 2026-08-30 12:47:28 [3.4 OBSERVED] estimated left/right wheel speeds: 0.719, 1.553 m/s
2026-08-30 12:47:28,510 - INFO - 2026-08-30 12:47:28 [STATE] Current state: FOLLOWING_PATH
2026-08-30 12:47:28,511 - INFO - 2026-08-30 12:47:28 [FOLLOW] TRACK: progress=0.76m/37.2m seg=1 cross=0.73m alpha=-94.8° target=(0.00,0.00) R=0.27 LEFT v=0.75 dwell=0.0s
2026-08-30 12:47:28,511 - INFO - 2026-08-30 12:47:28 TIGHT TURN - Reverse wheel motion required (v_L=-0.24, v_R=1.74)
2026-08-30 12:47:28,511 - INFO - 2026-08-30 12:47:28 Turn: LEFT, R: 0.27m, v_L: -0.24 m/s, v_R: 1.74 m/s
2026-08-30 12:47:28,511 - INFO - 2026-08-30 12:47:28 left_actuator_position: 1450 (counts) from v_L -0.236 m/s
2026-08-30 12:47:28,511 - INFO - 2026-08-30 12:47:28 right_actuator_position: 420 (counts) from v_R 1.736 m/s
2026-08-30 12:47:28,524 - INFO - Sent actuator positions to RoboClaw → M1 (left): 1450, M2 (right): 420 (counts)
2026-08-30 12:47:28,524 - INFO - 2026-08-30 12:47:28 APPLY → left_pos: 1450, right_pos: 420 (counts), v_L: -0.24 m/s, v_R: 1.74 m/s
2026-08-30 12:47:28,524 - INFO - 2026-08-30 12:47:28 Path tracking needs correction: heading_ok=False (alpha=94.8deg), distance_ok=False (cross=0.733m)
2026-08-30 12:47:28,710 - INFO - 2026-08-30 12:47:28 [3.4 OBSERVED] current_turn_radius: 1.09m
2026-08-30 12:47:28,710 - INFO - 2026-08-30 12:47:28 [3.4 OBSERVED] turn_direction: LEFT
2026-08-30 12:47:28,710 - INFO - 2026-08-30 12:47:28 [3.4 OBSERVED] estimated left/right wheel speeds: 0.661, 1.288 m/s
2026-08-30 12:47:28,713 - INFO - 2026-08-30 12:47:28 [STATE] Current state: FOLLOWING_PATH
2026-08-30 12:47:28,714 - INFO - 2026-08-30 12:47:28 [FOLLOW] TRACK: progress=0.93m/37.2m seg=1 cross=0.62m alpha=-94.8° target=(0.00,0.00) R=0.28 LEFT v=0.75 dwell=0.0s
2026-08-30 12:47:28,714 - INFO - 2026-08-30 12:47:28 TIGHT TURN - Reverse wheel motion required (v_L=-0.19, v_R=1.69)
2026-08-30 12:47:28,714 - INFO - 2026-08-30 12:47:28 Turn: LEFT, R: 0.28m, v_L: -0.19 m/s, v_R: 1.69 m/s
2026-08-30 12:47:28,714 - INFO - 2026-08-30 12:47:28 left_actuator_position: 1450 (counts) from v_L -0.188 m/s
2026-08-30 12:47:28,714 - INFO - 2026-08-30 12:47:28 right_actuator_position: 420 (counts) from v_R 1.688 m/s
2026-08-30 12:47:28,726 - INFO - Sent actuator positions to RoboClaw → M1 (left): 1450, M2 (right): 420 (counts)
2026-08-30 12:47:28,726 - INFO - 2026-08-30 12:47:28 APPLY → left_pos: 1450, right_pos: 420 (counts), v_L: -0.19 m/s, v_R: 1.69 m/s
2026-08-30 12:47:28,727 - INFO - 2026-08-30 12:47:28 Path tracking needs correction: heading_ok=False (alpha=94.8deg), distance_ok=False (cross=0.616m)
2026-08-30 12:47:28,916 - INFO - 2026-08-30 12:47:28 [3.4 OBSERVED] current_turn_radius: 1.36m
2026-08-30 12:47:28,916 - INFO - 2026-08-30 12:47:28 [3.4 OBSERVED] turn_direction: LEFT
2026-08-30 12:47:28,916 - INFO - 2026-08-30 12:47:28 [3.4 OBSERVED] estimated left/right wheel speeds: 0.870, 1.471 m/s
2026-08-30 12:47:28,917 - INFO - 2026-08-30 12:47:28 [STATE] Current state: FOLLOWING_PATH
2026-08-30 12:47:28,918 - INFO - 2026-08-30 12:47:28 [FOLLOW] TRACK: progress=1.11m/37.2m seg=1 cross=0.45m alpha=-96.0° target=(0.00,0.00) R=0.30 LEFT v=0.75 dwell=0.0s
2026-08-30 12:47:28,918 - INFO - 2026-08-30 12:47:28 TIGHT TURN - Reverse wheel motion required (v_L=-0.12, v_R=1.62)
2026-08-30 12:47:28,918 - INFO - 2026-08-30 12:47:28 Turn: LEFT, R: 0.30m, v_L: -0.12 m/s, v_R: 1.62 m/s
2026-08-30 12:47:28,918 - INFO - 2026-08-30 12:47:28 left_actuator_position: 1432 (counts) from v_L -0.121 m/s
2026-08-30 12:47:28,918 - INFO - 2026-08-30 12:47:28 right_actuator_position: 420 (counts) from v_R 1.621 m/s
2026-08-30 12:47:28,930 - INFO - Sent actuator positions to RoboClaw → M1 (left): 1432, M2 (right): 420 (counts)
2026-08-30 12:47:28,930 - INFO - 2026-08-30 12:47:28 APPLY → left_pos: 1432, right_pos: 420 (counts), v_L: -0.12 m/s, v_R: 1.62 m/s
2026-08-30 12:47:28,931 - INFO - 2026-08-30 12:47:28 Path tracking needs correction: heading_ok=False (alpha=96.0deg), distance_ok=False (cross=0.454m)
2026-08-30 12:47:29,136 - INFO - 2026-08-30 12:47:29 [3.4 OBSERVED] current_turn_radius: 1.43m
2026-08-30 12:47:29,136 - INFO - 2026-08-30 12:47:29 [3.4 OBSERVED] turn_direction: LEFT
2026-08-30 12:47:29,136 - INFO - 2026-08-30 12:47:29 [3.4 OBSERVED] estimated left/right wheel speeds: 0.996, 1.644 m/s
2026-08-30 12:47:29,137 - INFO - 2026-08-30 12:47:29 [STATE] Current state: FOLLOWING_PATH
2026-08-30 12:47:29,138 - INFO - 2026-08-30 12:47:29 [FOLLOW] TRACK: progress=1.28m/37.2m seg=1 cross=0.28m alpha=-94.3° target=(0.00,0.00) R=0.33 LEFT v=0.75 dwell=0.0s
2026-08-30 12:47:29,138 - INFO - 2026-08-30 12:47:29 TIGHT TURN - Reverse wheel motion required (v_L=-0.05, v_R=1.55)
2026-08-30 12:47:29,138 - INFO - 2026-08-30 12:47:29 Turn: LEFT, R: 0.33m, v_L: -0.05 m/s, v_R: 1.55 m/s
2026-08-30 12:47:29,138 - INFO - 2026-08-30 12:47:29 left_actuator_position: 1378 (counts) from v_L -0.052 m/s
2026-08-30 12:47:29,138 - INFO - 2026-08-30 12:47:29 right_actuator_position: 420 (counts) from v_R 1.552 m/s
2026-08-30 12:47:29,150 - INFO - Sent actuator positions to RoboClaw → M1 (left): 1378, M2 (right): 420 (counts)
2026-08-30 12:47:29,150 - INFO - 2026-08-30 12:47:29 APPLY → left_pos: 1378, right_pos: 420 (counts), v_L: -0.05 m/s, v_R: 1.55 m/s
2026-08-30 12:47:29,151 - INFO - 2026-08-30 12:47:29 Path tracking needs correction: heading_ok=False (alpha=94.3deg), distance_ok=True (cross=0.279m)
2026-08-30 12:47:29,326 - INFO - 2026-08-30 12:47:29 [3.4 OBSERVED] current_turn_radius: 1.08m
2026-08-30 12:47:29,326 - INFO - 2026-08-30 12:47:29 [3.4 OBSERVED] turn_direction: LEFT
2026-08-30 12:47:29,326 - INFO - 2026-08-30 12:47:29 [3.4 OBSERVED] estimated left/right wheel speeds: 0.765, 1.501 m/s
2026-08-30 12:47:29,329 - INFO - 2026-08-30 12:47:29 [STATE] Current state: FOLLOWING_PATH
2026-08-30 12:47:29,330 - INFO - 2026-08-30 12:47:29 [FOLLOW] TRACK: progress=1.39m/37.2m seg=2 cross=0.06m alpha=-92.8° target=(0.00,0.00) R=0.35 LEFT v=0.75 dwell=0.0s
2026-08-30 12:47:29,330 - INFO - 2026-08-30 12:47:29 TIGHT TURN - Reverse wheel motion required (v_L=-0.01, v_R=1.51)
2026-08-30 12:47:29,330 - INFO - 2026-08-30 12:47:29 Turn: LEFT, R: 0.35m, v_L: -0.01 m/s, v_R: 1.51 m/s
2026-08-30 12:47:29,330 - INFO - 2026-08-30 12:47:29 left_actuator_position: 1343 (counts) from v_L -0.006 m/s
2026-08-30 12:47:29,330 - INFO - 2026-08-30 12:47:29 right_actuator_position: 420 (counts) from v_R 1.506 m/s
2026-08-30 12:47:29,343 - INFO - Sent actuator positions to RoboClaw → M1 (left): 1343, M2 (right): 420 (counts)
2026-08-30 12:47:29,343 - INFO - 2026-08-30 12:47:29 APPLY → left_pos: 1343, right_pos: 420 (counts), v_L: -0.01 m/s, v_R: 1.51 m/s
2026-08-30 12:47:29,344 - INFO - 2026-08-30 12:47:29 Path tracking needs correction: heading_ok=False (alpha=92.8deg), distance_ok=True (cross=0.059m)
2026-08-30 12:47:29,523 - INFO - 2026-08-30 12:47:29 [3.4 OBSERVED] current_turn_radius: 0.47m
2026-08-30 12:47:29,523 - INFO - 2026-08-30 12:47:29 [3.4 OBSERVED] turn_direction: LEFT
2026-08-30 12:47:29,523 - INFO - 2026-08-30 12:47:29 [3.4 OBSERVED] estimated left/right wheel speeds: 0.158, 1.078 m/s
2026-08-30 12:47:29,527 - INFO - 2026-08-30 12:47:29 [STATE] Current state: FOLLOWING_PATH
2026-08-30 12:47:29,527 - INFO - 2026-08-30 12:47:29 [FOLLOW] TRACK: progress=1.44m/37.2m seg=2 cross=0.06m alpha=-82.7° target=(0.00,0.00) R=0.36 LEFT v=0.75 dwell=0.0s
2026-08-30 12:47:29,528 - INFO - 2026-08-30 12:47:29 Turn: LEFT, R: 0.36m, v_L: 0.02 m/s, v_R: 1.48 m/s
2026-08-30 12:47:29,528 - INFO - 2026-08-30 12:47:29 left_actuator_position: 1100 (counts) from v_L 0.023 m/s
2026-08-30 12:47:29,528 - INFO - 2026-08-30 12:47:29 right_actuator_position: 420 (counts) from v_R 1.477 m/s
2026-08-30 12:47:29,540 - INFO - Sent actuator positions to RoboClaw → M1 (left): 1100, M2 (right): 420 (counts)
2026-08-30 12:47:29,541 - INFO - 2026-08-30 12:47:29 APPLY → left_pos: 1100, right_pos: 420 (counts), v_L: 0.02 m/s, v_R: 1.48 m/s
2026-08-30 12:47:29,541 - INFO - 2026-08-30 12:47:29 Path tracking needs correction: heading_ok=False (alpha=82.7deg), distance_ok=True (cross=0.059m)
2026-08-30 12:47:29,716 - INFO - 2026-08-30 12:47:29 [3.4 OBSERVED] current_turn_radius: 0.57m
2026-08-30 12:47:29,716 - INFO - 2026-08-30 12:47:29 [3.4 OBSERVED] turn_direction: LEFT
2026-08-30 12:47:29,716 - INFO - 2026-08-30 12:47:29 [3.4 OBSERVED] estimated left/right wheel speeds: 0.263, 1.111 m/s
2026-08-30 12:47:29,719 - INFO - 2026-08-30 12:47:29 [STATE] Current state: FOLLOWING_PATH
2026-08-30 12:47:29,719 - INFO - 2026-08-30 12:47:29 [FOLLOW] TRACK: progress=1.52m/37.2m seg=2 cross=0.16m alpha=-73.1° target=(0.00,0.00) R=0.38 LEFT v=0.75 dwell=0.0s
2026-08-30 12:47:29,720 - INFO - 2026-08-30 12:47:29 Turn: LEFT, R: 0.38m, v_L: 0.06 m/s, v_R: 1.44 m/s
2026-08-30 12:47:29,720 - INFO - 2026-08-30 12:47:29 left_actuator_position: 1100 (counts) from v_L 0.061 m/s
2026-08-30 12:47:29,720 - INFO - 2026-08-30 12:47:29 right_actuator_position: 420 (counts) from v_R 1.439 m/s
2026-08-30 12:47:29,733 - INFO - Sent actuator positions to RoboClaw → M1 (left): 1100, M2 (right): 420 (counts)
2026-08-30 12:47:29,733 - INFO - 2026-08-30 12:47:29 APPLY → left_pos: 1100, right_pos: 420 (counts), v_L: 0.06 m/s, v_R: 1.44 m/s
2026-08-30 12:47:29,734 - INFO - 2026-08-30 12:47:29 Path tracking needs correction: heading_ok=False (alpha=73.1deg), distance_ok=True (cross=0.161m)
2026-08-30 12:47:29,920 - INFO - 2026-08-30 12:47:29 [3.4 OBSERVED] current_turn_radius: 0.82m
2026-08-30 12:47:29,920 - INFO - 2026-08-30 12:47:29 [3.4 OBSERVED] turn_direction: LEFT
2026-08-30 12:47:29,920 - INFO - 2026-08-30 12:47:29 [3.4 OBSERVED] estimated left/right wheel speeds: 0.642, 1.606 m/s
2026-08-30 12:47:29,922 - INFO - 2026-08-30 12:47:29 [STATE] Current state: FOLLOWING_PATH
2026-08-30 12:47:29,923 - INFO - 2026-08-30 12:47:29 [FOLLOW] TRACK: progress=1.55m/37.2m seg=2 cross=0.38m alpha=-64.7° target=(0.00,0.00) R=0.40 LEFT v=0.75 dwell=0.0s
2026-08-30 12:47:29,923 - INFO - 2026-08-30 12:47:29 Turn: LEFT, R: 0.40m, v_L: 0.09 m/s, v_R: 1.41 m/s
2026-08-30 12:47:29,923 - INFO - 2026-08-30 12:47:29 left_actuator_position: 1100 (counts) from v_L 0.092 m/s
2026-08-30 12:47:29,923 - INFO - 2026-08-30 12:47:29 right_actuator_position: 420 (counts) from v_R 1.408 m/s
2026-08-30 12:47:29,936 - INFO - Sent actuator positions to RoboClaw → M1 (left): 1100, M2 (right): 420 (counts)
2026-08-30 12:47:29,937 - INFO - 2026-08-30 12:47:29 APPLY → left_pos: 1100, right_pos: 420 (counts), v_L: 0.09 m/s, v_R: 1.41 m/s
2026-08-30 12:47:29,937 - INFO - 2026-08-30 12:47:29 Path tracking needs correction: heading_ok=False (alpha=64.7deg), distance_ok=False (cross=0.381m)
2026-08-30 12:47:30,137 - INFO - 2026-08-30 12:47:30 [3.4 OBSERVED] current_turn_radius: 0.50m
2026-08-30 12:47:30,137 - INFO - 2026-08-30 12:47:30 [3.4 OBSERVED] turn_direction: LEFT
2026-08-30 12:47:30,137 - INFO - 2026-08-30 12:47:30 [3.4 OBSERVED] estimated left/right wheel speeds: 0.290, 1.648 m/s
2026-08-30 12:47:30,140 - INFO - 2026-08-30 12:47:30 [STATE] Current state: FOLLOWING_PATH
2026-08-30 12:47:30,141 - INFO - 2026-08-30 12:47:30 [FOLLOW] TRACK: progress=1.55m/37.2m seg=2 cross=0.54m alpha=-47.2° target=(0.00,0.00) R=0.39 LEFT v=0.75 dwell=0.0s
2026-08-30 12:47:30,141 - INFO - 2026-08-30 12:47:30 Turn: LEFT, R: 0.39m, v_L: 0.07 m/s, v_R: 1.43 m/s
2026-08-30 12:47:30,141 - INFO - 2026-08-30 12:47:30 left_actuator_position: 1100 (counts) from v_L 0.074 m/s
2026-08-30 12:47:30,141 - INFO - 2026-08-30 12:47:30 right_actuator_position: 420 (counts) from v_R 1.426 m/s
2026-08-30 12:47:30,153 - INFO - Sent actuator positions to RoboClaw → M1 (left): 1100, M2 (right): 420 (counts)
2026-08-30 12:47:30,153 - INFO - 2026-08-30 12:47:30 APPLY → left_pos: 1100, right_pos: 420 (counts), v_L: 0.07 m/s, v_R: 1.43 m/s
2026-08-30 12:47:30,154 - INFO - 2026-08-30 12:47:30 Path tracking needs correction: heading_ok=False (alpha=47.2deg), distance_ok=False (cross=0.542m)
2026-08-30 12:47:30,317 - INFO - 2026-08-30 12:47:30 [3.4 OBSERVED] current_turn_radius: 0.32m
2026-08-30 12:47:30,317 - INFO - 2026-08-30 12:47:30 [3.4 OBSERVED] turn_direction: LEFT
2026-08-30 12:47:30,317 - INFO - 2026-08-30 12:47:30 [3.4 OBSERVED] estimated left/right wheel speeds: -0.075, 1.686 m/s
2026-08-30 12:47:30,320 - INFO - 2026-08-30 12:47:30 [STATE] Current state: FOLLOWING_PATH
2026-08-30 12:47:30,320 - INFO - 2026-08-30 12:47:30 [FOLLOW] TRACK: progress=1.55m/37.2m seg=1 cross=0.66m alpha=-27.6° target=(0.00,0.00) R=inf STRAIGHT v=0.75 dwell=0.0s
2026-08-30 12:47:30,321 - WARNING - Unexpected turn_direction: STRAIGHT, defaulting to straight
2026-08-30 12:47:30,321 - INFO - 2026-08-30 12:47:30 Turn: STRAIGHT, R: infm, v_L: 0.75 m/s, v_R: 0.75 m/s
2026-08-30 12:47:30,321 - INFO - 2026-08-30 12:47:30 left_actuator_position: 762 (counts) from v_L 0.750 m/s
2026-08-30 12:47:30,321 - INFO - 2026-08-30 12:47:30 right_actuator_position: 762 (counts) from v_R 0.750 m/s
2026-08-30 12:47:30,333 - INFO - Sent actuator positions to RoboClaw → M1 (left): 762, M2 (right): 762 (counts)
2026-08-30 12:47:30,333 - INFO - 2026-08-30 12:47:30 APPLY → left_pos: 762, right_pos: 762 (counts), v_L: 0.75 m/s, v_R: 0.75 m/s
2026-08-30 12:47:30,334 - INFO - 2026-08-30 12:47:30 Path tracking needs correction: heading_ok=False (alpha=27.6deg), distance_ok=False (cross=0.660m)
2026-08-30 12:47:30,506 - INFO - 2026-08-30 12:47:30 [3.4 OBSERVED] current_turn_radius: 0.42m
2026-08-30 12:47:30,506 - INFO - 2026-08-30 12:47:30 [3.4 OBSERVED] turn_direction: LEFT
2026-08-30 12:47:30,506 - INFO - 2026-08-30 12:47:30 [3.4 OBSERVED] estimated left/right wheel speeds: 0.150, 1.715 m/s
2026-08-30 12:47:30,509 - INFO - 2026-08-30 12:47:30 [STATE] Current state: FOLLOWING_PATH
2026-08-30 12:47:30,510 - INFO - 2026-08-30 12:47:30 [FOLLOW] TRACK: progress=1.55m/37.2m seg=1 cross=0.70m alpha=-9.1° target=(0.00,0.00) R=inf STRAIGHT v=0.75 dwell=0.0s
2026-08-30 12:47:30,510 - WARNING - Unexpected turn_direction: STRAIGHT, defaulting to straight
2026-08-30 12:47:30,510 - INFO - 2026-08-30 12:47:30 Turn: STRAIGHT, R: infm, v_L: 0.75 m/s, v_R: 0.75 m/s
2026-08-30 12:47:30,510 - INFO - 2026-08-30 12:47:30 left_actuator_position: 762 (counts) from v_L 0.750 m/s
2026-08-30 12:47:30,510 - INFO - 2026-08-30 12:47:30 right_actuator_position: 762 (counts) from v_R 0.750 m/s
2026-08-30 12:47:30,524 - INFO - Sent actuator positions to RoboClaw → M1 (left): 762, M2 (right): 762 (counts)
2026-08-30 12:47:30,524 - INFO - 2026-08-30 12:47:30 APPLY → left_pos: 762, right_pos: 762 (counts), v_L: 0.75 m/s, v_R: 0.75 m/s
2026-08-30 12:47:30,525 - INFO - 2026-08-30 12:47:30 Path tracking needs correction: heading_ok=True (alpha=9.1deg), distance_ok=False (cross=0.704m)
2026-08-30 12:47:30,715 - INFO - 2026-08-30 12:47:30 [3.4 OBSERVED] current_turn_radius: 0.59m
2026-08-30 12:47:30,716 - INFO - 2026-08-30 12:47:30 [3.4 OBSERVED] turn_direction: LEFT
2026-08-30 12:47:30,716 - INFO - 2026-08-30 12:47:30 [3.4 OBSERVED] estimated left/right wheel speeds: 0.437, 1.689 m/s
2026-08-30 12:47:30,719 - INFO - 2026-08-30 12:47:30 [STATE] Current state: FOLLOWING_PATH
2026-08-30 12:47:30,719 - INFO - 2026-08-30 12:47:30 [FOLLOW] TRACK: progress=1.55m/37.2m seg=1 cross=0.70m alpha=6.5° target=(0.00,0.00) R=0.28 RIGHT v=0.75 dwell=0.0s
2026-08-30 12:47:30,720 - INFO - 2026-08-30 12:47:30 TIGHT TURN - Reverse wheel motion required (v_L=1.68, v_R=-0.18)
2026-08-30 12:47:30,720 - INFO - 2026-08-30 12:47:30 Turn: RIGHT, R: 0.28m, v_L: 1.68 m/s, v_R: -0.18 m/s
2026-08-30 12:47:30,720 - INFO - 2026-08-30 12:47:30 left_actuator_position: 420 (counts) from v_L 1.684 m/s
2026-08-30 12:47:30,720 - INFO - 2026-08-30 12:47:30 right_actuator_position: 1450 (counts) from v_R -0.184 m/s
2026-08-30 12:47:30,733 - INFO - Sent actuator positions to RoboClaw → M1 (left): 420, M2 (right): 1450 (counts)
2026-08-30 12:47:30,733 - INFO - 2026-08-30 12:47:30 APPLY → left_pos: 420, right_pos: 1450 (counts), v_L: 1.68 m/s, v_R: -0.18 m/s
2026-08-30 12:47:30,734 - INFO - 2026-08-30 12:47:30 Path tracking needs correction: heading_ok=True (alpha=6.5deg), distance_ok=False (cross=0.704m)
2026-08-30 12:47:30,907 - INFO - 2026-08-30 12:47:30 [3.4 OBSERVED] current_turn_radius: 0.82m
2026-08-30 12:47:30,907 - INFO - 2026-08-30 12:47:30 [3.4 OBSERVED] turn_direction: LEFT
2026-08-30 12:47:30,907 - INFO - 2026-08-30 12:47:30 [3.4 OBSERVED] estimated left/right wheel speeds: 0.759, 1.896 m/s
2026-08-30 12:47:30,909 - INFO - 2026-08-30 12:47:30 [STATE] Current state: FOLLOWING_PATH
2026-08-30 12:47:30,910 - INFO - 2026-08-30 12:47:30 [FOLLOW] TRACK: progress=1.55m/37.2m seg=1 cross=0.56m alpha=21.3° target=(0.00,0.00) R=0.21 RIGHT v=0.75 dwell=0.0s
2026-08-30 12:47:30,910 - INFO - 2026-08-30 12:47:30 TIGHT TURN - Reverse wheel motion required (v_L=2.01, v_R=-0.51)
2026-08-30 12:47:30,910 - INFO - 2026-08-30 12:47:30 Turn: RIGHT, R: 0.21m, v_L: 2.01 m/s, v_R: -0.51 m/s
2026-08-30 12:47:30,910 - INFO - 2026-08-30 12:47:30 left_actuator_position: 420 (counts) from v_L 2.014 m/s
2026-08-30 12:47:30,910 - INFO - 2026-08-30 12:47:30 right_actuator_position: 1450 (counts) from v_R -0.514 m/s
2026-08-30 12:47:30,925 - INFO - Sent actuator positions to RoboClaw → M1 (left): 420, M2 (right): 1450 (counts)
2026-08-30 12:47:30,925 - INFO - 2026-08-30 12:47:30 APPLY → left_pos: 420, right_pos: 1450 (counts), v_L: 2.01 m/s, v_R: -0.51 m/s
2026-08-30 12:47:30,926 - INFO - 2026-08-30 12:47:30 Path tracking needs correction: heading_ok=False (alpha=21.3deg), distance_ok=False (cross=0.557m)
2026-08-30 12:47:31,110 - INFO - 2026-08-30 12:47:31 [3.4 OBSERVED] current_turn_radius: 0.91m
2026-08-30 12:47:31,110 - INFO - 2026-08-30 12:47:31 [3.4 OBSERVED] turn_direction: LEFT
2026-08-30 12:47:31,110 - INFO - 2026-08-30 12:47:31 [3.4 OBSERVED] estimated left/right wheel speeds: 0.808, 1.821 m/s
2026-08-30 12:47:31,113 - INFO - 2026-08-30 12:47:31 [STATE] Current state: FOLLOWING_PATH
2026-08-30 12:47:31,113 - INFO - 2026-08-30 12:47:31 [FOLLOW] TRACK: progress=1.55m/37.2m seg=1 cross=0.38m alpha=41.6° target=(0.00,0.00) R=0.15 RIGHT v=0.75 dwell=0.0s
2026-08-30 12:47:31,114 - INFO - 2026-08-30 12:47:31 TIGHT TURN - Reverse wheel motion required (v_L=2.49, v_R=-0.99)
2026-08-30 12:47:31,114 - INFO - 2026-08-30 12:47:31 Turn: RIGHT, R: 0.15m, v_L: 2.49 m/s, v_R: -0.99 m/s
2026-08-30 12:47:31,114 - INFO - 2026-08-30 12:47:31 left_actuator_position: 420 (counts) from v_L 2.486 m/s
2026-08-30 12:47:31,114 - INFO - 2026-08-30 12:47:31 right_actuator_position: 1450 (counts) from v_R -0.986 m/s
2026-08-30 12:47:31,126 - INFO - Sent actuator positions to RoboClaw → M1 (left): 420, M2 (right): 1450 (counts)
2026-08-30 12:47:31,126 - INFO - 2026-08-30 12:47:31 APPLY → left_pos: 420, right_pos: 1450 (counts), v_L: 2.49 m/s, v_R: -0.99 m/s
2026-08-30 12:47:31,127 - INFO - 2026-08-30 12:47:31 Path tracking needs correction: heading_ok=False (alpha=41.6deg), distance_ok=False (cross=0.381m)
2026-08-30 12:47:31,306 - INFO - 2026-08-30 12:47:31 [3.4 OBSERVED] current_turn_radius: 1.14m
2026-08-30 12:47:31,306 - INFO - 2026-08-30 12:47:31 [3.4 OBSERVED] turn_direction: LEFT
2026-08-30 12:47:31,306 - INFO - 2026-08-30 12:47:31 [3.4 OBSERVED] estimated left/right wheel speeds: 0.852, 1.609 m/s
2026-08-30 12:47:31,308 - INFO - 2026-08-30 12:47:31 [STATE] Current state: FOLLOWING_PATH
2026-08-30 12:47:31,309 - INFO - 2026-08-30 12:47:31 [FOLLOW] TRACK: progress=1.55m/37.2m seg=1 cross=0.13m alpha=-80.7° target=(0.01,1.37) R=0.13 LEFT v=1.26 dwell=0.0s
2026-08-30 12:47:31,309 - INFO - 2026-08-30 12:47:31 TIGHT TURN - Reverse wheel motion required (v_L=-2.02, v_R=4.53)
2026-08-30 12:47:31,309 - INFO - 2026-08-30 12:47:31 Turn: LEFT, R: 0.13m, v_L: -2.02 m/s, v_R: 4.53 m/s
2026-08-30 12:47:31,309 - INFO - 2026-08-30 12:47:31 left_actuator_position: 1450 (counts) from v_L -2.016 m/s
2026-08-30 12:47:31,309 - INFO - 2026-08-30 12:47:31 right_actuator_position: 420 (counts) from v_R 4.528 m/s
2026-08-30 12:47:31,323 - INFO - Sent actuator positions to RoboClaw → M1 (left): 1450, M2 (right): 420 (counts)
2026-08-30 12:47:31,323 - INFO - 2026-08-30 12:47:31 APPLY → left_pos: 1450, right_pos: 420 (counts), v_L: -2.02 m/s, v_R: 4.53 m/s
2026-08-30 12:47:31,323 - INFO - 2026-08-30 12:47:31 Path tracking needs correction: heading_ok=False (alpha=80.7deg), distance_ok=True (cross=0.132m)
2026-08-30 12:47:31,507 - INFO - 2026-08-30 12:47:31 [3.4 OBSERVED] current_turn_radius: 1.03m
2026-08-30 12:47:31,507 - INFO - 2026-08-30 12:47:31 [3.4 OBSERVED] turn_direction: LEFT
2026-08-30 12:47:31,507 - INFO - 2026-08-30 12:47:31 [3.4 OBSERVED] estimated left/right wheel speeds: 0.793, 1.607 m/s
2026-08-30 12:47:31,509 - INFO - 2026-08-30 12:47:31 [STATE] Current state: FOLLOWING_PATH
2026-08-30 12:47:31,510 - INFO - 2026-08-30 12:47:31 [FOLLOW] TRACK: progress=1.55m/37.2m seg=1 cross=0.12m alpha=-83.4° target=(0.01,1.37) R=0.21 LEFT v=1.26 dwell=0.0s
2026-08-30 12:47:31,510 - INFO - 2026-08-30 12:47:31 TIGHT TURN - Reverse wheel motion required (v_L=-0.79, v_R=3.30)
2026-08-30 12:47:31,510 - INFO - 2026-08-30 12:47:31 Turn: LEFT, R: 0.21m, v_L: -0.79 m/s, v_R: 3.30 m/s
2026-08-30 12:47:31,510 - INFO - 2026-08-30 12:47:31 left_actuator_position: 1450 (counts) from v_L -0.791 m/s
2026-08-30 12:47:31,510 - INFO - 2026-08-30 12:47:31 right_actuator_position: 420 (counts) from v_R 3.304 m/s
2026-08-30 12:47:31,525 - INFO - Sent actuator positions to RoboClaw → M1 (left): 1450, M2 (right): 420 (counts)
2026-08-30 12:47:31,525 - INFO - 2026-08-30 12:47:31 APPLY → left_pos: 1450, right_pos: 420 (counts), v_L: -0.79 m/s, v_R: 3.30 m/s
2026-08-30 12:47:31,526 - INFO - 2026-08-30 12:47:31 Path tracking needs correction: heading_ok=False (alpha=83.4deg), distance_ok=True (cross=0.117m)
2026-08-30 12:47:31,656 - INFO - HEARTBEAT: Loop running, last GPS data 0.1s ago
2026-08-30 12:47:31,706 - INFO - 2026-08-30 12:47:31 [3.4 OBSERVED] current_turn_radius: 1.19m
2026-08-30 12:47:31,706 - INFO - 2026-08-30 12:47:31 [3.4 OBSERVED] turn_direction: LEFT
2026-08-30 12:47:31,706 - INFO - 2026-08-30 12:47:31 [3.4 OBSERVED] estimated left/right wheel speeds: 0.712, 1.307 m/s
2026-08-30 12:47:31,708 - INFO - 2026-08-30 12:47:31 [STATE] Current state: FOLLOWING_PATH
2026-08-30 12:47:31,709 - INFO - 2026-08-30 12:47:31 [FOLLOW] TRACK: progress=1.55m/37.2m seg=1 cross=0.31m alpha=-86.6° target=(0.01,1.37) R=0.22 LEFT v=1.26 dwell=0.0s
2026-08-30 12:47:31,709 - INFO - 2026-08-30 12:47:31 TIGHT TURN - Reverse wheel motion required (v_L=-0.76, v_R=3.28)
2026-08-30 12:47:31,709 - INFO - 2026-08-30 12:47:31 Turn: LEFT, R: 0.22m, v_L: -0.76 m/s, v_R: 3.28 m/s
2026-08-30 12:47:31,709 - INFO - 2026-08-30 12:47:31 left_actuator_position: 1450 (counts) from v_L -0.765 m/s
2026-08-30 12:47:31,709 - INFO - 2026-08-30 12:47:31 right_actuator_position: 420 (counts) from v_R 3.277 m/s
2026-08-30 12:47:31,722 - INFO - Sent actuator positions to RoboClaw → M1 (left): 1450, M2 (right): 420 (counts)
2026-08-30 12:47:31,722 - INFO - 2026-08-30 12:47:31 APPLY → left_pos: 1450, right_pos: 420 (counts), v_L: -0.76 m/s, v_R: 3.28 m/s
2026-08-30 12:47:31,722 - INFO - 2026-08-30 12:47:31 Path tracking needs correction: heading_ok=False (alpha=86.6deg), distance_ok=False (cross=0.308m)
2026-08-30 12:47:31,903 - INFO - 2026-08-30 12:47:31 [3.4 OBSERVED] current_turn_radius: 8.04m
2026-08-30 12:47:31,903 - INFO - 2026-08-30 12:47:31 [3.4 OBSERVED] turn_direction: LEFT
2026-08-30 12:47:31,903 - INFO - 2026-08-30 12:47:31 [3.4 OBSERVED] estimated left/right wheel speeds: 0.683, 0.745 m/s
2026-08-30 12:47:31,906 - INFO - 2026-08-30 12:47:31 [STATE] Current state: FOLLOWING_PATH
2026-08-30 12:47:31,906 - INFO - 2026-08-30 12:47:31 [FOLLOW] TRACK: progress=1.55m/37.2m seg=1 cross=0.43m alpha=-94.7° target=(0.01,1.37) R=0.21 LEFT v=1.26 dwell=0.0s
2026-08-30 12:47:31,906 - INFO - 2026-08-30 12:47:31 TIGHT TURN - Reverse wheel motion required (v_L=-0.80, v_R=3.32)
2026-08-30 12:47:31,907 - INFO - 2026-08-30 12:47:31 Turn: LEFT, R: 0.21m, v_L: -0.80 m/s, v_R: 3.32 m/s
2026-08-30 12:47:31,907 - INFO - 2026-08-30 12:47:31 left_actuator_position: 1450 (counts) from v_L -0.805 m/s
2026-08-30 12:47:31,907 - INFO - 2026-08-30 12:47:31 right_actuator_position: 420 (counts) from v_R 3.317 m/s
2026-08-30 12:47:31,920 - INFO - Sent actuator positions to RoboClaw → M1 (left): 1450, M2 (right): 420 (counts)
2026-08-30 12:47:31,920 - INFO - 2026-08-30 12:47:31 APPLY → left_pos: 1450, right_pos: 420 (counts), v_L: -0.80 m/s, v_R: 3.32 m/s
2026-08-30 12:47:31,920 - INFO - 2026-08-30 12:47:31 Path tracking needs correction: heading_ok=False (alpha=94.7deg), distance_ok=False (cross=0.425m)
2026-08-30 12:47:32,123 - INFO - 2026-08-30 12:47:32 [3.4 OBSERVED] current_turn_radius: 6.28m
2026-08-30 12:47:32,123 - INFO - 2026-08-30 12:47:32 [3.4 OBSERVED] turn_direction: RIGHT
2026-08-30 12:47:32,123 - INFO - 2026-08-30 12:47:32 [3.4 OBSERVED] estimated left/right wheel speeds: 0.653, 0.584 m/s
2026-08-30 12:47:32,125 - INFO - 2026-08-30 12:47:32 [STATE] Current state: FOLLOWING_PATH
2026-08-30 12:47:32,126 - INFO - 2026-08-30 12:47:32 [FOLLOW] TRACK: progress=1.55m/37.2m seg=1 cross=0.54m alpha=-103.0° target=(0.01,1.37) R=0.23 LEFT v=1.26 dwell=0.0s
2026-08-30 12:47:32,126 - INFO - 2026-08-30 12:47:32 TIGHT TURN - Reverse wheel motion required (v_L=-0.69, v_R=3.20)
2026-08-30 12:47:32,126 - INFO - 2026-08-30 12:47:32 Turn: LEFT, R: 0.23m, v_L: -0.69 m/s, v_R: 3.20 m/s
2026-08-30 12:47:32,126 - INFO - 2026-08-30 12:47:32 left_actuator_position: 1450 (counts) from v_L -0.692 m/s
2026-08-30 12:47:32,126 - INFO - 2026-08-30 12:47:32 right_actuator_position: 420 (counts) from v_R 3.205 m/s
2026-08-30 12:47:32,139 - INFO - Sent actuator positions to RoboClaw → M1 (left): 1450, M2 (right): 420 (counts)
2026-08-30 12:47:32,139 - INFO - 2026-08-30 12:47:32 APPLY → left_pos: 1450, right_pos: 420 (counts), v_L: -0.69 m/s, v_R: 3.20 m/s
2026-08-30 12:47:32,139 - INFO - 2026-08-30 12:47:32 Path tracking needs correction: heading_ok=False (alpha=103.0deg), distance_ok=False (cross=0.542m)
2026-08-30 12:47:32,301 - INFO - 2026-08-30 12:47:32 [3.4 OBSERVED] current_turn_radius: 12.88m
2026-08-30 12:47:32,302 - INFO - 2026-08-30 12:47:32 [3.4 OBSERVED] turn_direction: RIGHT
2026-08-30 12:47:32,302 - INFO - 2026-08-30 12:47:32 [3.4 OBSERVED] estimated left/right wheel speeds: 0.865, 0.819 m/s
2026-08-30 12:47:32,305 - INFO - 2026-08-30 12:47:32 [STATE] Current state: FOLLOWING_PATH
2026-08-30 12:47:32,305 - INFO - 2026-08-30 12:47:32 [FOLLOW] TRACK: progress=1.55m/37.2m seg=1 cross=0.67m alpha=-112.9° target=(0.01,1.37) R=0.23 LEFT v=1.26 dwell=0.0s
2026-08-30 12:47:32,305 - INFO - 2026-08-30 12:47:32 TIGHT TURN - Reverse wheel motion required (v_L=-0.63, v_R=3.14)
2026-08-30 12:47:32,306 - INFO - 2026-08-30 12:47:32 Turn: LEFT, R: 0.23m, v_L: -0.63 m/s, v_R: 3.14 m/s
2026-08-30 12:47:32,306 - INFO - 2026-08-30 12:47:32 left_actuator_position: 1450 (counts) from v_L -0.625 m/s
2026-08-30 12:47:32,306 - INFO - 2026-08-30 12:47:32 right_actuator_position: 420 (counts) from v_R 3.138 m/s
2026-08-30 12:47:32,319 - INFO - Sent actuator positions to RoboClaw → M1 (left): 1450, M2 (right): 420 (counts)
2026-08-30 12:47:32,319 - INFO - 2026-08-30 12:47:32 APPLY → left_pos: 1450, right_pos: 420 (counts), v_L: -0.63 m/s, v_R: 3.14 m/s
2026-08-30 12:47:32,320 - INFO - 2026-08-30 12:47:32 Path tracking needs correction: heading_ok=False (alpha=112.9deg), distance_ok=False (cross=0.674m)
2026-08-30 12:47:32,511 - INFO - 2026-08-30 12:47:32 [3.4 OBSERVED] current_turn_radius: 4.37m
2026-08-30 12:47:32,511 - INFO - 2026-08-30 12:47:32 [3.4 OBSERVED] turn_direction: LEFT
2026-08-30 12:47:32,511 - INFO - 2026-08-30 12:47:32 [3.4 OBSERVED] estimated left/right wheel speeds: 0.780, 0.916 m/s
2026-08-30 12:47:32,512 - INFO - 2026-08-30 12:47:32 [STATE] Current state: FOLLOWING_PATH
2026-08-30 12:47:32,512 - INFO - 2026-08-30 12:47:32 [FOLLOW] TRACK: progress=1.55m/37.2m seg=1 cross=0.84m alpha=-118.3° target=(0.01,1.37) R=0.26 LEFT v=1.26 dwell=0.0s
2026-08-30 12:47:32,513 - INFO - 2026-08-30 12:47:32 TIGHT TURN - Reverse wheel motion required (v_L=-0.44, v_R=2.96)
2026-08-30 12:47:32,513 - INFO - 2026-08-30 12:47:32 Turn: LEFT, R: 0.26m, v_L: -0.44 m/s, v_R: 2.96 m/s
2026-08-30 12:47:32,513 - INFO - 2026-08-30 12:47:32 left_actuator_position: 1450 (counts) from v_L -0.443 m/s
2026-08-30 12:47:32,513 - INFO - 2026-08-30 12:47:32 right_actuator_position: 420 (counts) from v_R 2.956 m/s
2026-08-30 12:47:32,525 - INFO - Sent actuator positions to RoboClaw → M1 (left): 1450, M2 (right): 420 (counts)
2026-08-30 12:47:32,525 - INFO - 2026-08-30 12:47:32 APPLY → left_pos: 1450, right_pos: 420 (counts), v_L: -0.44 m/s, v_R: 2.96 m/s
2026-08-30 12:47:32,525 - INFO - 2026-08-30 12:47:32 Path tracking needs correction: heading_ok=False (alpha=118.3deg), distance_ok=False (cross=0.836m)
2026-08-30 12:47:32,716 - INFO - 2026-08-30 12:47:32 [3.4 OBSERVED] current_turn_radius: 4.01m
2026-08-30 12:47:32,716 - INFO - 2026-08-30 12:47:32 [3.4 OBSERVED] turn_direction: LEFT
2026-08-30 12:47:32,716 - INFO - 2026-08-30 12:47:32 [3.4 OBSERVED] estimated left/right wheel speeds: 0.466, 0.555 m/s
2026-08-30 12:47:32,718 - INFO - 2026-08-30 12:47:32 [STATE] Current state: FOLLOWING_PATH
2026-08-30 12:47:32,719 - INFO - 2026-08-30 12:47:32 [FOLLOW] TRACK: progress=1.55m/37.2m seg=1 cross=0.97m alpha=-120.7° target=(0.01,1.37) R=0.29 LEFT v=1.26 dwell=0.0s
2026-08-30 12:47:32,719 - INFO - 2026-08-30 12:47:32 TIGHT TURN - Reverse wheel motion required (v_L=-0.28, v_R=2.79)
2026-08-30 12:47:32,719 - INFO - 2026-08-30 12:47:32 Turn: LEFT, R: 0.29m, v_L: -0.28 m/s, v_R: 2.79 m/s
2026-08-30 12:47:32,719 - INFO - 2026-08-30 12:47:32 left_actuator_position: 1450 (counts) from v_L -0.281 m/s
2026-08-30 12:47:32,719 - INFO - 2026-08-30 12:47:32 right_actuator_position: 420 (counts) from v_R 2.794 m/s
2026-08-30 12:47:32,732 - INFO - Sent actuator positions to RoboClaw → M1 (left): 1450, M2 (right): 420 (counts)
2026-08-30 12:47:32,732 - INFO - 2026-08-30 12:47:32 APPLY → left_pos: 1450, right_pos: 420 (counts), v_L: -0.28 m/s, v_R: 2.79 m/s
2026-08-30 12:47:32,733 - INFO - 2026-08-30 12:47:32 Path tracking needs correction: heading_ok=False (alpha=120.7deg), distance_ok=False (cross=0.967m)
2026-08-30 12:47:32,901 - INFO - 2026-08-30 12:47:32 [3.4 OBSERVED] current_turn_radius: 0.86m
2026-08-30 12:47:32,901 - INFO - 2026-08-30 12:47:32 [3.4 OBSERVED] turn_direction: LEFT
2026-08-30 12:47:32,901 - INFO - 2026-08-30 12:47:32 [3.4 OBSERVED] estimated left/right wheel speeds: 0.528, 1.251 m/s
2026-08-30 12:47:32,904 - INFO - 2026-08-30 12:47:32 [STATE] Current state: FOLLOWING_PATH
2026-08-30 12:47:32,905 - INFO - 2026-08-30 12:47:32 [FOLLOW] TRACK: progress=1.55m/37.2m seg=1 cross=1.14m alpha=-115.4° target=(0.01,1.37) R=0.32 LEFT v=1.26 dwell=0.0s
2026-08-30 12:47:32,905 - INFO - 2026-08-30 12:47:32 TIGHT TURN - Reverse wheel motion required (v_L=-0.12, v_R=2.63)
2026-08-30 12:47:32,905 - INFO - 2026-08-30 12:47:32 Turn: LEFT, R: 0.32m, v_L: -0.12 m/s, v_R: 2.63 m/s
2026-08-30 12:47:32,905 - INFO - 2026-08-30 12:47:32 left_actuator_position: 1430 (counts) from v_L -0.119 m/s
2026-08-30 12:47:32,905 - INFO - 2026-08-30 12:47:32 right_actuator_position: 420 (counts) from v_R 2.631 m/s
2026-08-30 12:47:32,918 - INFO - Sent actuator positions to RoboClaw → M1 (left): 1430, M2 (right): 420 (counts)
2026-08-30 12:47:32,918 - INFO - 2026-08-30 12:47:32 APPLY → left_pos: 1430, right_pos: 420 (counts), v_L: -0.12 m/s, v_R: 2.63 m/s
2026-08-30 12:47:32,919 - INFO - 2026-08-30 12:47:32 Path tracking needs correction: heading_ok=False (alpha=115.4deg), distance_ok=False (cross=1.143m)
2026-08-30 12:47:33,108 - INFO - 2026-08-30 12:47:33 [3.4 OBSERVED] current_turn_radius: 0.83m
2026-08-30 12:47:33,108 - INFO - 2026-08-30 12:47:33 [3.4 OBSERVED] turn_direction: LEFT
2026-08-30 12:47:33,108 - INFO - 2026-08-30 12:47:33 [3.4 OBSERVED] estimated left/right wheel speeds: 0.619, 1.520 m/s
2026-08-30 12:47:33,111 - INFO - 2026-08-30 12:47:33 [STATE] Current state: FOLLOWING_PATH
2026-08-30 12:47:33,111 - INFO - 2026-08-30 12:47:33 [FOLLOW] TRACK: progress=1.55m/37.2m seg=1 cross=1.33m alpha=-106.2° target=(0.01,1.37) R=0.36 LEFT v=1.26 dwell=0.0s
2026-08-30 12:47:33,112 - INFO - 2026-08-30 12:47:33 Turn: LEFT, R: 0.36m, v_L: 0.02 m/s, v_R: 2.49 m/s
2026-08-30 12:47:33,112 - INFO - 2026-08-30 12:47:33 left_actuator_position: 1100 (counts) from v_L 0.021 m/s
2026-08-30 12:47:33,112 - INFO - 2026-08-30 12:47:33 right_actuator_position: 420 (counts) from v_R 2.491 m/s
2026-08-30 12:47:33,125 - INFO - Sent actuator positions to RoboClaw → M1 (left): 1100, M2 (right): 420 (counts)
2026-08-30 12:47:33,125 - INFO - 2026-08-30 12:47:33 APPLY → left_pos: 1100, right_pos: 420 (counts), v_L: 0.02 m/s, v_R: 2.49 m/s
2026-08-30 12:47:33,126 - INFO - 2026-08-30 12:47:33 Path tracking needs correction: heading_ok=False (alpha=106.2deg), distance_ok=False (cross=1.334m)
2026-08-30 12:47:33,306 - INFO - 2026-08-30 12:47:33 [3.4 OBSERVED] current_turn_radius: 0.82m
2026-08-30 12:47:33,306 - INFO - 2026-08-30 12:47:33 [3.4 OBSERVED] turn_direction: LEFT
2026-08-30 12:47:33,306 - INFO - 2026-08-30 12:47:33 [3.4 OBSERVED] estimated left/right wheel speeds: 0.636, 1.575 m/s
2026-08-30 12:47:33,308 - INFO - 2026-08-30 12:47:33 [STATE] Current state: FOLLOWING_PATH
2026-08-30 12:47:33,308 - INFO - 2026-08-30 12:47:33 [FOLLOW] TRACK: progress=1.55m/37.2m seg=1 cross=1.50m alpha=-98.3° target=(0.01,1.37) R=0.38 LEFT v=1.26 dwell=0.0s
2026-08-30 12:47:33,309 - INFO - 2026-08-30 12:47:33 Turn: LEFT, R: 0.38m, v_L: 0.11 m/s, v_R: 2.40 m/s
2026-08-30 12:47:33,309 - INFO - 2026-08-30 12:47:33 left_actuator_position: 1100 (counts) from v_L 0.111 m/s
2026-08-30 12:47:33,309 - INFO - 2026-08-30 12:47:33 right_actuator_position: 420 (counts) from v_R 2.401 m/s
2026-08-30 12:47:33,324 - INFO - Sent actuator positions to RoboClaw → M1 (left): 1100, M2 (right): 420 (counts)
2026-08-30 12:47:33,324 - INFO - 2026-08-30 12:47:33 APPLY → left_pos: 1100, right_pos: 420 (counts), v_L: 0.11 m/s, v_R: 2.40 m/s
2026-08-30 12:47:33,325 - INFO - 2026-08-30 12:47:33 Path tracking needs correction: heading_ok=False (alpha=98.3deg), distance_ok=False (cross=1.495m)
2026-08-30 12:47:33,502 - INFO - 2026-08-30 12:47:33 [3.4 OBSERVED] current_turn_radius: 0.67m
2026-08-30 12:47:33,502 - INFO - 2026-08-30 12:47:33 [3.4 OBSERVED] turn_direction: LEFT
2026-08-30 12:47:33,502 - INFO - 2026-08-30 12:47:33 [3.4 OBSERVED] estimated left/right wheel speeds: 0.496, 1.575 m/s
2026-08-30 12:47:33,505 - INFO - 2026-08-30 12:47:33 [STATE] Current state: FOLLOWING_PATH
2026-08-30 12:47:33,505 - INFO - 2026-08-30 12:47:33 [FOLLOW] TRACK: progress=1.55m/37.2m seg=1 cross=1.64m alpha=-87.8° target=(0.01,1.37) R=0.41 LEFT v=1.26 dwell=0.0s
2026-08-30 12:47:33,506 - INFO - 2026-08-30 12:47:33 Turn: LEFT, R: 0.41m, v_L: 0.19 m/s, v_R: 2.32 m/s
2026-08-30 12:47:33,506 - INFO - 2026-08-30 12:47:33 left_actuator_position: 1100 (counts) from v_L 0.192 m/s
2026-08-30 12:47:33,506 - INFO - 2026-08-30 12:47:33 right_actuator_position: 420 (counts) from v_R 2.321 m/s
2026-08-30 12:47:33,518 - INFO - Sent actuator positions to RoboClaw → M1 (left): 1100, M2 (right): 420 (counts)
2026-08-30 12:47:33,518 - INFO - 2026-08-30 12:47:33 APPLY → left_pos: 1100, right_pos: 420 (counts), v_L: 0.19 m/s, v_R: 2.32 m/s
2026-08-30 12:47:33,519 - INFO - 2026-08-30 12:47:33 Path tracking needs correction: heading_ok=False (alpha=87.8deg), distance_ok=False (cross=1.642m)
2026-08-30 12:47:33,704 - INFO - 2026-08-30 12:47:33 [3.4 OBSERVED] current_turn_radius: 0.75m
2026-08-30 12:47:33,705 - INFO - 2026-08-30 12:47:33 [3.4 OBSERVED] turn_direction: LEFT
2026-08-30 12:47:33,705 - INFO - 2026-08-30 12:47:33 [3.4 OBSERVED] estimated left/right wheel speeds: 0.555, 1.528 m/s
2026-08-30 12:47:33,708 - INFO - 2026-08-30 12:47:33 [STATE] Current state: FOLLOWING_PATH
2026-08-30 12:47:33,708 - INFO - 2026-08-30 12:47:33 [FOLLOW] TRACK: progress=1.55m/37.2m seg=2 cross=1.69m alpha=-80.0° target=(0.01,1.37) R=0.42 LEFT v=1.26 dwell=0.0s
2026-08-30 12:47:33,709 - INFO - 2026-08-30 12:47:33 Turn: LEFT, R: 0.42m, v_L: 0.21 m/s, v_R: 2.30 m/s
2026-08-30 12:47:33,709 - INFO - 2026-08-30 12:47:33 left_actuator_position: 1100 (counts) from v_L 0.214 m/s
2026-08-30 12:47:33,709 - INFO - 2026-08-30 12:47:33 right_actuator_position: 420 (counts) from v_R 2.299 m/s
2026-08-30 12:47:33,721 - INFO - Sent actuator positions to RoboClaw → M1 (left): 1100, M2 (right): 420 (counts)
2026-08-30 12:47:33,721 - INFO - 2026-08-30 12:47:33 APPLY → left_pos: 1100, right_pos: 420 (counts), v_L: 0.21 m/s, v_R: 2.30 m/s
2026-08-30 12:47:33,722 - INFO - 2026-08-30 12:47:33 Path tracking needs correction: heading_ok=False (alpha=80.0deg), distance_ok=False (cross=1.686m)
2026-08-30 12:47:33,910 - INFO - 2026-08-30 12:47:33 [3.4 OBSERVED] current_turn_radius: 1.06m
2026-08-30 12:47:33,910 - INFO - 2026-08-30 12:47:33 [3.4 OBSERVED] turn_direction: LEFT
2026-08-30 12:47:33,910 - INFO - 2026-08-30 12:47:33 [3.4 OBSERVED] estimated left/right wheel speeds: 0.814, 1.619 m/s
2026-08-30 12:47:33,912 - INFO - 2026-08-30 12:47:33 [STATE] Current state: FOLLOWING_PATH
2026-08-30 12:47:33,912 - INFO - 2026-08-30 12:47:33 [FOLLOW] TRACK: progress=1.67m/37.2m seg=2 cross=1.72m alpha=-74.3° target=(0.01,1.37) R=0.44 LEFT v=1.26 dwell=0.0s
2026-08-30 12:47:33,912 - INFO - 2026-08-30 12:47:33 Turn: LEFT, R: 0.44m, v_L: 0.25 m/s, v_R: 2.27 m/s
2026-08-30 12:47:33,912 - INFO - 2026-08-30 12:47:33 left_actuator_position: 1100 (counts) from v_L 0.246 m/s
2026-08-30 12:47:33,913 - INFO - 2026-08-30 12:47:33 right_actuator_position: 420 (counts) from v_R 2.267 m/s
2026-08-30 12:47:33,925 - INFO - Sent actuator positions to RoboClaw → M1 (left): 1100, M2 (right): 420 (counts)
2026-08-30 12:47:33,925 - INFO - 2026-08-30 12:47:33 APPLY → left_pos: 1100, right_pos: 420 (counts), v_L: 0.25 m/s, v_R: 2.27 m/s
2026-08-30 12:47:33,925 - INFO - 2026-08-30 12:47:33 Path tracking needs correction: heading_ok=False (alpha=74.3deg), distance_ok=False (cross=1.715m)
2026-08-30 12:47:34,109 - INFO - 2026-08-30 12:47:34 [3.4 OBSERVED] current_turn_radius: 1.05m
2026-08-30 12:47:34,109 - INFO - 2026-08-30 12:47:34 [3.4 OBSERVED] turn_direction: LEFT
2026-08-30 12:47:34,109 - INFO - 2026-08-30 12:47:34 [3.4 OBSERVED] estimated left/right wheel speeds: 0.843, 1.687 m/s
2026-08-30 12:47:34,111 - INFO - 2026-08-30 12:47:34 [STATE] Current state: FOLLOWING_PATH
2026-08-30 12:47:34,111 - INFO - 2026-08-30 12:47:34 [FOLLOW] TRACK: progress=1.91m/37.2m seg=2 cross=1.67m alpha=-68.6° target=(0.01,1.37) R=0.44 LEFT v=1.26 dwell=0.0s
2026-08-30 12:47:34,111 - INFO - 2026-08-30 12:47:34 Turn: LEFT, R: 0.44m, v_L: 0.25 m/s, v_R: 2.26 m/s
2026-08-30 12:47:34,112 - INFO - 2026-08-30 12:47:34 left_actuator_position: 1100 (counts) from v_L 0.254 m/s
2026-08-30 12:47:34,112 - INFO - 2026-08-30 12:47:34 right_actuator_position: 420 (counts) from v_R 2.258 m/s
2026-08-30 12:47:34,124 - INFO - Sent actuator positions to RoboClaw → M1 (left): 1100, M2 (right): 420 (counts)
2026-08-30 12:47:34,124 - INFO - 2026-08-30 12:47:34 APPLY → left_pos: 1100, right_pos: 420 (counts), v_L: 0.25 m/s, v_R: 2.26 m/s
2026-08-30 12:47:34,125 - INFO - 2026-08-30 12:47:34 Path tracking needs correction: heading_ok=False (alpha=68.6deg), distance_ok=False (cross=1.671m)
2026-08-30 12:47:34,309 - INFO - 2026-08-30 12:47:34 [3.4 OBSERVED] current_turn_radius: 1.03m
2026-08-30 12:47:34,309 - INFO - 2026-08-30 12:47:34 [3.4 OBSERVED] turn_direction: LEFT
2026-08-30 12:47:34,309 - INFO - 2026-08-30 12:47:34 [3.4 OBSERVED] estimated left/right wheel speeds: 0.837, 1.692 m/s
2026-08-30 12:47:34,311 - INFO - 2026-08-30 12:47:34 [STATE] Current state: FOLLOWING_PATH
2026-08-30 12:47:34,311 - INFO - 2026-08-30 12:47:34 [FOLLOW] TRACK: progress=2.15m/37.2m seg=2 cross=1.58m alpha=-62.9° target=(0.01,1.37) R=0.44 LEFT v=1.26 dwell=0.0s
2026-08-30 12:47:34,311 - INFO - 2026-08-30 12:47:34 Turn: LEFT, R: 0.44m, v_L: 0.26 m/s, v_R: 2.25 m/s
2026-08-30 12:47:34,311 - INFO - 2026-08-30 12:47:34 left_actuator_position: 1100 (counts) from v_L 0.259 m/s
2026-08-30 12:47:34,312 - INFO - 2026-08-30 12:47:34 right_actuator_position: 420 (counts) from v_R 2.254 m/s
2026-08-30 12:47:34,324 - INFO - Sent actuator positions to RoboClaw → M1 (left): 1100, M2 (right): 420 (counts)
2026-08-30 12:47:34,324 - INFO - 2026-08-30 12:47:34 APPLY → left_pos: 1100, right_pos: 420 (counts), v_L: 0.26 m/s, v_R: 2.25 m/s
2026-08-30 12:47:34,324 - INFO - 2026-08-30 12:47:34 Path tracking needs correction: heading_ok=False (alpha=62.9deg), distance_ok=False (cross=1.583m)
2026-08-30 12:47:34,508 - INFO - 2026-08-30 12:47:34 [3.4 OBSERVED] current_turn_radius: 0.87m
2026-08-30 12:47:34,508 - INFO - 2026-08-30 12:47:34 [3.4 OBSERVED] turn_direction: LEFT
2026-08-30 12:47:34,508 - INFO - 2026-08-30 12:47:34 [3.4 OBSERVED] estimated left/right wheel speeds: 0.661, 1.553 m/s
2026-08-30 12:47:34,510 - INFO - 2026-08-30 12:47:34 [STATE] Current state: FOLLOWING_PATH
2026-08-30 12:47:34,511 - INFO - 2026-08-30 12:47:34 [FOLLOW] TRACK: progress=2.31m/37.2m seg=2 cross=1.44m alpha=-55.6° target=(0.01,1.37) R=0.43 LEFT v=1.26 dwell=0.0s
2026-08-30 12:47:34,511 - INFO - 2026-08-30 12:47:34 Turn: LEFT, R: 0.43m, v_L: 0.23 m/s, v_R: 2.28 m/s
2026-08-30 12:47:34,511 - INFO - 2026-08-30 12:47:34 left_actuator_position: 1100 (counts) from v_L 0.233 m/s
2026-08-30 12:47:34,511 - INFO - 2026-08-30 12:47:34 right_actuator_position: 420 (counts) from v_R 2.280 m/s
2026-08-30 12:47:34,523 - INFO - Sent actuator positions to RoboClaw → M1 (left): 1100, M2 (right): 420 (counts)
2026-08-30 12:47:34,523 - INFO - 2026-08-30 12:47:34 APPLY → left_pos: 1100, right_pos: 420 (counts), v_L: 0.23 m/s, v_R: 2.28 m/s
2026-08-30 12:47:34,524 - INFO - 2026-08-30 12:47:34 Path tracking needs correction: heading_ok=False (alpha=55.6deg), distance_ok=False (cross=1.437m)
2026-08-30 12:47:34,701 - INFO - 2026-08-30 12:47:34 [3.4 OBSERVED] current_turn_radius: 0.68m
2026-08-30 12:47:34,701 - INFO - 2026-08-30 12:47:34 [3.4 OBSERVED] turn_direction: LEFT
2026-08-30 12:47:34,701 - INFO - 2026-08-30 12:47:34 [3.4 OBSERVED] estimated left/right wheel speeds: 0.525, 1.642 m/s
2026-08-30 12:47:34,703 - INFO - 2026-08-30 12:47:34 [STATE] Current state: FOLLOWING_PATH
2026-08-30 12:47:34,703 - INFO - 2026-08-30 12:47:34 [FOLLOW] TRACK: progress=2.70m/37.2m seg=2 cross=1.28m alpha=6.9° target=(0.01,2.70) R=inf STRAIGHT v=1.26 dwell=0.0s
2026-08-30 12:47:34,704 - WARNING - Unexpected turn_direction: STRAIGHT, defaulting to straight
2026-08-30 12:47:34,704 - INFO - 2026-08-30 12:47:34 Turn: STRAIGHT, R: infm, v_L: 1.26 m/s, v_R: 1.26 m/s
2026-08-30 12:47:34,704 - INFO - 2026-08-30 12:47:34 left_actuator_position: 420 (counts) from v_L 1.256 m/s
2026-08-30 12:47:34,704 - INFO - 2026-08-30 12:47:34 right_actuator_position: 420 (counts) from v_R 1.256 m/s
2026-08-30 12:47:34,717 - INFO - Sent actuator positions to RoboClaw → M1 (left): 420, M2 (right): 420 (counts)
2026-08-30 12:47:34,717 - INFO - 2026-08-30 12:47:34 APPLY → left_pos: 420, right_pos: 420 (counts), v_L: 1.26 m/s, v_R: 1.26 m/s
2026-08-30 12:47:34,718 - INFO - 2026-08-30 12:47:34 Path tracking needs correction: heading_ok=True (alpha=6.9deg), distance_ok=False (cross=1.275m)
2026-08-30 12:47:34,904 - INFO - 2026-08-30 12:47:34 [3.4 OBSERVED] current_turn_radius: 0.75m
2026-08-30 12:47:34,904 - INFO - 2026-08-30 12:47:34 [3.4 OBSERVED] turn_direction: LEFT
2026-08-30 12:47:34,904 - INFO - 2026-08-30 12:47:34 [3.4 OBSERVED] estimated left/right wheel speeds: 0.551, 1.520 m/s
2026-08-30 12:47:34,907 - INFO - 2026-08-30 12:47:34 [STATE] Current state: FOLLOWING_PATH
2026-08-30 12:47:34,907 - INFO - 2026-08-30 12:47:34 [FOLLOW] TRACK: progress=2.70m/37.2m seg=2 cross=1.08m alpha=21.2° target=(0.01,2.70) R=inf STRAIGHT v=1.26 dwell=0.0s
2026-08-30 12:47:34,907 - WARNING - Unexpected turn_direction: STRAIGHT, defaulting to straight
2026-08-30 12:47:34,907 - INFO - 2026-08-30 12:47:34 Turn: STRAIGHT, R: infm, v_L: 1.26 m/s, v_R: 1.26 m/s
2026-08-30 12:47:34,908 - INFO - 2026-08-30 12:47:34 left_actuator_position: 420 (counts) from v_L 1.256 m/s
2026-08-30 12:47:34,908 - INFO - 2026-08-30 12:47:34 right_actuator_position: 420 (counts) from v_R 1.256 m/s
2026-08-30 12:47:34,923 - INFO - Sent actuator positions to RoboClaw → M1 (left): 420, M2 (right): 420 (counts)
2026-08-30 12:47:34,923 - INFO - 2026-08-30 12:47:34 APPLY → left_pos: 420, right_pos: 420 (counts), v_L: 1.26 m/s, v_R: 1.26 m/s
2026-08-30 12:47:34,923 - INFO - 2026-08-30 12:47:34 Path tracking needs correction: heading_ok=False (alpha=21.2deg), distance_ok=False (cross=1.085m)
2026-08-30 12:47:35,110 - INFO - 2026-08-30 12:47:35 [3.4 OBSERVED] current_turn_radius: 0.93m
2026-08-30 12:47:35,110 - INFO - 2026-08-30 12:47:35 [3.4 OBSERVED] turn_direction: LEFT
2026-08-30 12:47:35,110 - INFO - 2026-08-30 12:47:35 [3.4 OBSERVED] estimated left/right wheel speeds: 0.717, 1.585 m/s
2026-08-30 12:47:35,113 - INFO - 2026-08-30 12:47:35 [STATE] Current state: FOLLOWING_PATH
2026-08-30 12:47:35,113 - INFO - 2026-08-30 12:47:35 [FOLLOW] TRACK: progress=2.70m/37.2m seg=2 cross=0.84m alpha=37.4° target=(0.01,2.70) R=inf STRAIGHT v=1.26 dwell=0.0s
2026-08-30 12:47:35,114 - WARNING - Unexpected turn_direction: STRAIGHT, defaulting to straight
2026-08-30 12:47:35,114 - INFO - 2026-08-30 12:47:35 Turn: STRAIGHT, R: infm, v_L: 1.26 m/s, v_R: 1.26 m/s
2026-08-30 12:47:35,114 - INFO - 2026-08-30 12:47:35 left_actuator_position: 420 (counts) from v_L 1.256 m/s
2026-08-30 12:47:35,114 - INFO - 2026-08-30 12:47:35 right_actuator_position: 420 (counts) from v_R 1.256 m/s
2026-08-30 12:47:35,127 - INFO - Sent actuator positions to RoboClaw → M1 (left): 420, M2 (right): 420 (counts)
2026-08-30 12:47:35,127 - INFO - 2026-08-30 12:47:35 APPLY → left_pos: 420, right_pos: 420 (counts), v_L: 1.26 m/s, v_R: 1.26 m/s
2026-08-30 12:47:35,127 - INFO - 2026-08-30 12:47:35 Path tracking needs correction: heading_ok=False (alpha=37.4deg), distance_ok=False (cross=0.836m)
2026-08-30 12:47:35,304 - INFO - 2026-08-30 12:47:35 [3.4 OBSERVED] current_turn_radius: 0.94m
2026-08-30 12:47:35,304 - INFO - 2026-08-30 12:47:35 [3.4 OBSERVED] turn_direction: LEFT
2026-08-30 12:47:35,304 - INFO - 2026-08-30 12:47:35 [3.4 OBSERVED] estimated left/right wheel speeds: 0.652, 1.428 m/s
2026-08-30 12:47:35,306 - INFO - 2026-08-30 12:47:35 [STATE] Current state: FOLLOWING_PATH
2026-08-30 12:47:35,306 - INFO - 2026-08-30 12:47:35 [FOLLOW] TRACK: progress=2.70m/37.2m seg=2 cross=0.63m alpha=54.8° target=(0.01,2.70) R=inf STRAIGHT v=1.26 dwell=0.0s
2026-08-30 12:47:35,306 - WARNING - Unexpected turn_direction: STRAIGHT, defaulting to straight
2026-08-30 12:47:35,307 - INFO - 2026-08-30 12:47:35 Turn: STRAIGHT, R: infm, v_L: 1.26 m/s, v_R: 1.26 m/s
2026-08-30 12:47:35,307 - INFO - 2026-08-30 12:47:35 left_actuator_position: 420 (counts) from v_L 1.256 m/s
2026-08-30 12:47:35,307 - INFO - 2026-08-30 12:47:35 right_actuator_position: 420 (counts) from v_R 1.256 m/s
2026-08-30 12:47:35,320 - INFO - Sent actuator positions to RoboClaw → M1 (left): 420, M2 (right): 420 (counts)
2026-08-30 12:47:35,320 - INFO - 2026-08-30 12:47:35 APPLY → left_pos: 420, right_pos: 420 (counts), v_L: 1.26 m/s, v_R: 1.26 m/s
2026-08-30 12:47:35,321 - INFO - 2026-08-30 12:47:35 Path tracking needs correction: heading_ok=False (alpha=54.8deg), distance_ok=False (cross=0.630m)
2026-08-30 12:47:35,501 - INFO - 2026-08-30 12:47:35 [3.4 OBSERVED] current_turn_radius: 0.70m
2026-08-30 12:47:35,501 - INFO - 2026-08-30 12:47:35 [3.4 OBSERVED] turn_direction: LEFT
2026-08-30 12:47:35,501 - INFO - 2026-08-30 12:47:35 [3.4 OBSERVED] estimated left/right wheel speeds: 0.536, 1.596 m/s
2026-08-30 12:47:35,504 - INFO - 2026-08-30 12:47:35 [STATE] Current state: FOLLOWING_PATH
2026-08-30 12:47:35,504 - INFO - 2026-08-30 12:47:35 [FOLLOW] TRACK: progress=2.70m/37.2m seg=2 cross=0.45m alpha=91.8° target=(0.01,2.70) R=0.25 RIGHT v=1.26 dwell=0.0s
2026-08-30 12:47:35,505 - INFO - 2026-08-30 12:47:35 TIGHT TURN - Reverse wheel motion required (v_L=3.02, v_R=-0.51)
2026-08-30 12:47:35,505 - INFO - 2026-08-30 12:47:35 Turn: RIGHT, R: 0.25m, v_L: 3.02 m/s, v_R: -0.51 m/s
2026-08-30 12:47:35,505 - INFO - 2026-08-30 12:47:35 left_actuator_position: 420 (counts) from v_L 3.022 m/s
2026-08-30 12:47:35,505 - INFO - 2026-08-30 12:47:35 right_actuator_position: 1450 (counts) from v_R -0.509 m/s
2026-08-30 12:47:35,517 - INFO - Sent actuator positions to RoboClaw → M1 (left): 420, M2 (right): 1450 (counts)
2026-08-30 12:47:35,517 - INFO - 2026-08-30 12:47:35 APPLY → left_pos: 420, right_pos: 1450 (counts), v_L: 3.02 m/s, v_R: -0.51 m/s
2026-08-30 12:47:35,517 - INFO - 2026-08-30 12:47:35 Path tracking needs correction: heading_ok=False (alpha=91.8deg), distance_ok=False (cross=0.454m)
2026-08-30 12:47:35,705 - INFO - 2026-08-30 12:47:35 [3.4 OBSERVED] current_turn_radius: 0.86m
2026-08-30 12:47:35,705 - INFO - 2026-08-30 12:47:35 [3.4 OBSERVED] turn_direction: LEFT
2026-08-30 12:47:35,705 - INFO - 2026-08-30 12:47:35 [3.4 OBSERVED] estimated left/right wheel speeds: 0.704, 1.678 m/s
2026-08-30 12:47:35,707 - INFO - 2026-08-30 12:47:35 [STATE] Current state: FOLLOWING_PATH
2026-08-30 12:47:35,707 - INFO - 2026-08-30 12:47:35 [FOLLOW] TRACK: progress=2.70m/37.2m seg=2 cross=0.29m alpha=131.4° target=(0.01,2.70) R=0.15 RIGHT v=1.26 dwell=0.0s
2026-08-30 12:47:35,708 - INFO - 2026-08-30 12:47:35 TIGHT TURN - Reverse wheel motion required (v_L=4.18, v_R=-1.67)
2026-08-30 12:47:35,708 - INFO - 2026-08-30 12:47:35 Turn: RIGHT, R: 0.15m, v_L: 4.18 m/s, v_R: -1.67 m/s
2026-08-30 12:47:35,708 - INFO - 2026-08-30 12:47:35 left_actuator_position: 420 (counts) from v_L 4.181 m/s
2026-08-30 12:47:35,708 - INFO - 2026-08-30 12:47:35 right_actuator_position: 1450 (counts) from v_R -1.669 m/s
2026-08-30 12:47:35,723 - INFO - Sent actuator positions to RoboClaw → M1 (left): 420, M2 (right): 1450 (counts)
2026-08-30 12:47:35,723 - INFO - 2026-08-30 12:47:35 APPLY → left_pos: 420, right_pos: 1450 (counts), v_L: 4.18 m/s, v_R: -1.67 m/s
2026-08-30 12:47:35,723 - INFO - 2026-08-30 12:47:35 Path tracking needs correction: heading_ok=False (alpha=131.4deg), distance_ok=True (cross=0.293m)
2026-08-30 12:47:35,894 - INFO - 2026-08-30 12:47:35 [3.4 OBSERVED] current_turn_radius: 1.10m
2026-08-30 12:47:35,894 - INFO - 2026-08-30 12:47:35 [3.4 OBSERVED] turn_direction: LEFT
2026-08-30 12:47:35,894 - INFO - 2026-08-30 12:47:35 [3.4 OBSERVED] estimated left/right wheel speeds: 1.132, 2.193 m/s
2026-08-30 12:47:35,897 - INFO - 2026-08-30 12:47:35 [STATE] Current state: FOLLOWING_PATH
2026-08-30 12:47:35,897 - INFO - 2026-08-30 12:47:35 [FOLLOW] TRACK: progress=2.70m/37.2m seg=2 cross=0.21m alpha=164.1° target=(0.01,2.70) R=0.10 RIGHT v=1.26 dwell=0.0s
2026-08-30 12:47:35,897 - INFO - 2026-08-30 12:47:35 TIGHT TURN - Reverse wheel motion required (v_L=5.54, v_R=-3.03)
2026-08-30 12:47:35,897 - INFO - 2026-08-30 12:47:35 Turn: RIGHT, R: 0.10m, v_L: 5.54 m/s, v_R: -3.03 m/s
2026-08-30 12:47:35,897 - INFO - 2026-08-30 12:47:35 left_actuator_position: 420 (counts) from v_L 5.541 m/s
2026-08-30 12:47:35,897 - INFO - 2026-08-30 12:47:35 right_actuator_position: 1450 (counts) from v_R -3.028 m/s
2026-08-30 12:47:35,911 - INFO - Sent actuator positions to RoboClaw → M1 (left): 420, M2 (right): 1450 (counts)
2026-08-30 12:47:35,911 - INFO - 2026-08-30 12:47:35 APPLY → left_pos: 420, right_pos: 1450 (counts), v_L: 5.54 m/s, v_R: -3.03 m/s
2026-08-30 12:47:35,911 - INFO - 2026-08-30 12:47:35 Path tracking needs correction: heading_ok=False (alpha=164.1deg), distance_ok=True (cross=0.205m)
2026-08-30 12:47:36,114 - INFO - 2026-08-30 12:47:36 [3.4 OBSERVED] current_turn_radius: 1.90m
2026-08-30 12:47:36,114 - INFO - 2026-08-30 12:47:36 [3.4 OBSERVED] turn_direction: LEFT
2026-08-30 12:47:36,114 - INFO - 2026-08-30 12:47:36 [3.4 OBSERVED] estimated left/right wheel speeds: 1.196, 1.738 m/s
2026-08-30 12:47:36,117 - INFO - 2026-08-30 12:47:36 [STATE] Current state: FOLLOWING_PATH
2026-08-30 12:47:36,117 - INFO - 2026-08-30 12:47:36 [FOLLOW] TRACK: progress=2.70m/37.2m seg=2 cross=0.19m alpha=178.1° target=(0.01,2.70) R=0.28 RIGHT v=1.26 dwell=0.0s
2026-08-30 12:47:36,117 - INFO - 2026-08-30 12:47:36 TIGHT TURN - Reverse wheel motion required (v_L=2.84, v_R=-0.33)
2026-08-30 12:47:36,117 - INFO - 2026-08-30 12:47:36 Turn: RIGHT, R: 0.28m, v_L: 2.84 m/s, v_R: -0.33 m/s
2026-08-30 12:47:36,118 - INFO - 2026-08-30 12:47:36 left_actuator_position: 420 (counts) from v_L 2.844 m/s
2026-08-30 12:47:36,118 - INFO - 2026-08-30 12:47:36 right_actuator_position: 1450 (counts) from v_R -0.331 m/s
2026-08-30 12:47:36,131 - INFO - Sent actuator positions to RoboClaw → M1 (left): 420, M2 (right): 1450 (counts)
2026-08-30 12:47:36,131 - INFO - 2026-08-30 12:47:36 APPLY → left_pos: 420, right_pos: 1450 (counts), v_L: 2.84 m/s, v_R: -0.33 m/s
2026-08-30 12:47:36,131 - INFO - 2026-08-30 12:47:36 Path tracking needs correction: heading_ok=False (alpha=178.1deg), distance_ok=True (cross=0.191m)
2026-08-30 12:47:36,302 - INFO - 2026-08-30 12:47:36 [3.4 OBSERVED] current_turn_radius: 1.74m
2026-08-30 12:47:36,303 - INFO - 2026-08-30 12:47:36 [3.4 OBSERVED] turn_direction: LEFT
2026-08-30 12:47:36,303 - INFO - 2026-08-30 12:47:36 [3.4 OBSERVED] estimated left/right wheel speeds: 1.190, 1.789 m/s
2026-08-30 12:47:36,306 - INFO - 2026-08-30 12:47:36 [STATE] Current state: FOLLOWING_PATH
2026-08-30 12:47:36,306 - INFO - 2026-08-30 12:47:36 [FOLLOW] TRACK: progress=2.70m/37.2m seg=1 cross=0.25m alpha=-172.9° target=(0.01,2.70) R=0.35 LEFT v=1.26 dwell=0.0s
2026-08-30 12:47:36,307 - INFO - 2026-08-30 12:47:36 Turn: LEFT, R: 0.35m, v_L: 0.01 m/s, v_R: 2.50 m/s
2026-08-30 12:47:36,307 - INFO - 2026-08-30 12:47:36 left_actuator_position: 1100 (counts) from v_L 0.009 m/s
2026-08-30 12:47:36,307 - INFO - 2026-08-30 12:47:36 right_actuator_position: 420 (counts) from v_R 2.504 m/s
2026-08-30 12:47:36,320 - INFO - Sent actuator positions to RoboClaw → M1 (left): 1100, M2 (right): 420 (counts)
2026-08-30 12:47:36,320 - INFO - 2026-08-30 12:47:36 APPLY → left_pos: 1100, right_pos: 420 (counts), v_L: 0.01 m/s, v_R: 2.50 m/s
2026-08-30 12:47:36,320 - INFO - 2026-08-30 12:47:36 Path tracking needs correction: heading_ok=False (alpha=172.9deg), distance_ok=True (cross=0.249m)
2026-08-30 12:47:36,501 - INFO - 2026-08-30 12:47:36 [3.4 OBSERVED] current_turn_radius: 2.39m
2026-08-30 12:47:36,501 - INFO - 2026-08-30 12:47:36 [3.4 OBSERVED] turn_direction: LEFT
2026-08-30 12:47:36,501 - INFO - 2026-08-30 12:47:36 [3.4 OBSERVED] estimated left/right wheel speeds: 1.295, 1.739 m/s
2026-08-30 12:47:36,503 - INFO - 2026-08-30 12:47:36 [STATE] Current state: FOLLOWING_PATH
2026-08-30 12:47:36,503 - INFO - 2026-08-30 12:47:36 [FOLLOW] TRACK: progress=2.70m/37.2m seg=1 cross=0.32m alpha=-166.3° target=(0.01,2.70) R=0.43 LEFT v=1.26 dwell=0.0s
2026-08-30 12:47:36,504 - INFO - 2026-08-30 12:47:36 Turn: LEFT, R: 0.43m, v_L: 0.23 m/s, v_R: 2.28 m/s
2026-08-30 12:47:36,504 - INFO - 2026-08-30 12:47:36 left_actuator_position: 1100 (counts) from v_L 0.230 m/s
2026-08-30 12:47:36,504 - INFO - 2026-08-30 12:47:36 right_actuator_position: 420 (counts) from v_R 2.282 m/s
2026-08-30 12:47:36,519 - INFO - Sent actuator positions to RoboClaw → M1 (left): 1100, M2 (right): 420 (counts)
2026-08-30 12:47:36,519 - INFO - 2026-08-30 12:47:36 APPLY → left_pos: 1100, right_pos: 420 (counts), v_L: 0.23 m/s, v_R: 2.28 m/s
2026-08-30 12:47:36,519 - INFO - 2026-08-30 12:47:36 Path tracking needs correction: heading_ok=False (alpha=166.3deg), distance_ok=False (cross=0.322m)
2026-08-30 12:47:36,700 - INFO - 2026-08-30 12:47:36 [3.4 OBSERVED] current_turn_radius: 6.78m
2026-08-30 12:47:36,701 - INFO - 2026-08-30 12:47:36 [3.4 OBSERVED] turn_direction: LEFT
2026-08-30 12:47:36,701 - INFO - 2026-08-30 12:47:36 [3.4 OBSERVED] estimated left/right wheel speeds: 1.411, 1.565 m/s
2026-08-30 12:47:36,703 - INFO - 2026-08-30 12:47:36 [STATE] Current state: FOLLOWING_PATH
2026-08-30 12:47:36,703 - INFO - 2026-08-30 12:47:36 [FOLLOW] TRACK: progress=2.70m/37.2m seg=1 cross=0.48m alpha=-167.0° target=(0.01,2.70) R=0.50 LEFT v=1.26 dwell=0.0s
2026-08-30 12:47:36,704 - INFO - 2026-08-30 12:47:36 Turn: LEFT, R: 0.50m, v_L: 0.38 m/s, v_R: 2.13 m/s
2026-08-30 12:47:36,704 - INFO - 2026-08-30 12:47:36 left_actuator_position: 1048 (counts) from v_L 0.378 m/s
2026-08-30 12:47:36,704 - INFO - 2026-08-30 12:47:36 right_actuator_position: 420 (counts) from v_R 2.135 m/s
2026-08-30 12:47:36,719 - INFO - Sent actuator positions to RoboClaw → M1 (left): 1048, M2 (right): 420 (counts)
2026-08-30 12:47:36,719 - INFO - 2026-08-30 12:47:36 APPLY → left_pos: 1048, right_pos: 420 (counts), v_L: 0.38 m/s, v_R: 2.13 m/s
2026-08-30 12:47:36,719 - INFO - 2026-08-30 12:47:36 Path tracking needs correction: heading_ok=False (alpha=167.0deg), distance_ok=False (cross=0.484m)
2026-08-30 12:47:36,901 - INFO - 2026-08-30 12:47:36 [3.4 OBSERVED] current_turn_radius: 31.64m
2026-08-30 12:47:36,902 - INFO - 2026-08-30 12:47:36 [3.4 OBSERVED] turn_direction: RIGHT
2026-08-30 12:47:36,902 - INFO - 2026-08-30 12:47:36 [3.4 OBSERVED] estimated left/right wheel speeds: 1.520, 1.487 m/s
2026-08-30 12:47:36,904 - INFO - 2026-08-30 12:47:36 [STATE] Current state: FOLLOWING_PATH
2026-08-30 12:47:36,904 - INFO - 2026-08-30 12:47:36 [FOLLOW] TRACK: progress=2.70m/37.2m seg=1 cross=0.63m alpha=-168.9° target=(0.01,2.70) R=0.57 LEFT v=1.26 dwell=0.0s
2026-08-30 12:47:36,904 - INFO - 2026-08-30 12:47:36 Turn: LEFT, R: 0.57m, v_L: 0.48 m/s, v_R: 2.03 m/s
2026-08-30 12:47:36,904 - INFO - 2026-08-30 12:47:36 left_actuator_position: 970 (counts) from v_L 0.479 m/s
2026-08-30 12:47:36,904 - INFO - 2026-08-30 12:47:36 right_actuator_position: 420 (counts) from v_R 2.033 m/s
2026-08-30 12:47:36,919 - INFO - Sent actuator positions to RoboClaw → M1 (left): 970, M2 (right): 420 (counts)
2026-08-30 12:47:36,919 - INFO - 2026-08-30 12:47:36 APPLY → left_pos: 970, right_pos: 420 (counts), v_L: 0.48 m/s, v_R: 2.03 m/s
2026-08-30 12:47:36,919 - INFO - 2026-08-30 12:47:36 Path tracking needs correction: heading_ok=False (alpha=168.9deg), distance_ok=False (cross=0.628m)
2026-08-30 12:47:37,113 - INFO - 2026-08-30 12:47:37 [3.4 OBSERVED] current_turn_radius: 36.17m
2026-08-30 12:47:37,113 - INFO - 2026-08-30 12:47:37 [3.4 OBSERVED] turn_direction: RIGHT
2026-08-30 12:47:37,113 - INFO - 2026-08-30 12:47:37 [3.4 OBSERVED] estimated left/right wheel speeds: 1.366, 1.340 m/s
2026-08-30 12:47:37,116 - INFO - 2026-08-30 12:47:37 [STATE] Current state: FOLLOWING_PATH
2026-08-30 12:47:37,116 - INFO - 2026-08-30 12:47:37 [FOLLOW] TRACK: progress=2.70m/37.2m seg=1 cross=0.87m alpha=-171.0° target=(0.01,2.70) R=0.64 LEFT v=1.26 dwell=0.0s
2026-08-30 12:47:37,116 - INFO - 2026-08-30 12:47:37 Turn: LEFT, R: 0.64m, v_L: 0.57 m/s, v_R: 1.95 m/s
2026-08-30 12:47:37,117 - INFO - 2026-08-30 12:47:37 left_actuator_position: 902 (counts) from v_L 0.568 m/s
2026-08-30 12:47:37,117 - INFO - 2026-08-30 12:47:37 right_actuator_position: 420 (counts) from v_R 1.945 m/s
2026-08-30 12:47:37,132 - INFO - Sent actuator positions to RoboClaw → M1 (left): 902, M2 (right): 420 (counts)
2026-08-30 12:47:37,132 - INFO - 2026-08-30 12:47:37 APPLY → left_pos: 902, right_pos: 420 (counts), v_L: 0.57 m/s, v_R: 1.95 m/s
2026-08-30 12:47:37,132 - INFO - 2026-08-30 12:47:37 Path tracking needs correction: heading_ok=False (alpha=171.0deg), distance_ok=False (cross=0.868m)
2026-08-30 12:47:37,301 - INFO - 2026-08-30 12:47:37 [3.4 OBSERVED] current_turn_radius: 15.54m
2026-08-30 12:47:37,301 - INFO - 2026-08-30 12:47:37 [3.4 OBSERVED] turn_direction: RIGHT
2026-08-30 12:47:37,301 - INFO - 2026-08-30 12:47:37 [3.4 OBSERVED] estimated left/right wheel speeds: 0.988, 0.945 m/s
2026-08-30 12:47:37,303 - INFO - 2026-08-30 12:47:37 [STATE] Current state: FOLLOWING_PATH
2026-08-30 12:47:37,303 - INFO - 2026-08-30 12:47:37 [FOLLOW] TRACK: progress=2.70m/37.2m seg=1 cross=1.04m alpha=-171.9° target=(0.01,2.70) R=0.69 LEFT v=1.26 dwell=0.0s
2026-08-30 12:47:37,303 - INFO - 2026-08-30 12:47:37 Turn: LEFT, R: 0.69m, v_L: 0.62 m/s, v_R: 1.89 m/s
2026-08-30 12:47:37,304 - INFO - 2026-08-30 12:47:37 left_actuator_position: 861 (counts) from v_L 0.621 m/s
2026-08-30 12:47:37,304 - INFO - 2026-08-30 12:47:37 right_actuator_position: 420 (counts) from v_R 1.891 m/s
2026-08-30 12:47:37,317 - INFO - Sent actuator positions to RoboClaw → M1 (left): 861, M2 (right): 420 (counts)
2026-08-30 12:47:37,317 - INFO - 2026-08-30 12:47:37 APPLY → left_pos: 861, right_pos: 420 (counts), v_L: 0.62 m/s, v_R: 1.89 m/s
2026-08-30 12:47:37,317 - INFO - 2026-08-30 12:47:37 Path tracking needs correction: heading_ok=False (alpha=171.9deg), distance_ok=False (cross=1.044m)
2026-08-30 12:47:37,503 - INFO - 2026-08-30 12:47:37 [3.4 OBSERVED] current_turn_radius: 6.21m
2026-08-30 12:47:37,503 - INFO - 2026-08-30 12:47:37 [3.4 OBSERVED] turn_direction: LEFT
2026-08-30 12:47:37,503 - INFO - 2026-08-30 12:47:37 [3.4 OBSERVED] estimated left/right wheel speeds: 0.921, 1.031 m/s
2026-08-30 12:47:37,506 - INFO - 2026-08-30 12:47:37 [STATE] Current state: FOLLOWING_PATH
2026-08-30 12:47:37,506 - INFO - 2026-08-30 12:47:37 [FOLLOW] TRACK: progress=2.70m/37.2m seg=1 cross=1.23m alpha=-170.6° target=(0.01,2.70) R=0.74 LEFT v=1.26 dwell=0.0s
2026-08-30 12:47:37,506 - INFO - 2026-08-30 12:47:37 Turn: LEFT, R: 0.74m, v_L: 0.66 m/s, v_R: 1.85 m/s
2026-08-30 12:47:37,506 - INFO - 2026-08-30 12:47:37 left_actuator_position: 827 (counts) from v_L 0.665 m/s
2026-08-30 12:47:37,506 - INFO - 2026-08-30 12:47:37 right_actuator_position: 420 (counts) from v_R 1.848 m/s
2026-08-30 12:47:37,522 - INFO - Sent actuator positions to RoboClaw → M1 (left): 827, M2 (right): 420 (counts)
2026-08-30 12:47:37,522 - INFO - 2026-08-30 12:47:37 APPLY → left_pos: 827, right_pos: 420 (counts), v_L: 0.66 m/s, v_R: 1.85 m/s
2026-08-30 12:47:37,522 - INFO - 2026-08-30 12:47:37 Path tracking needs correction: heading_ok=False (alpha=170.6deg), distance_ok=False (cross=1.231m)
2026-08-30 12:47:37,701 - INFO - 2026-08-30 12:47:37 [3.4 OBSERVED] current_turn_radius: 2.26m
2026-08-30 12:47:37,701 - INFO - 2026-08-30 12:47:37 [3.4 OBSERVED] turn_direction: LEFT
2026-08-30 12:47:37,701 - INFO - 2026-08-30 12:47:37 [3.4 OBSERVED] estimated left/right wheel speeds: 0.998, 1.364 m/s
2026-08-30 12:47:37,703 - INFO - 2026-08-30 12:47:37 [STATE] Current state: FOLLOWING_PATH
2026-08-30 12:47:37,703 - INFO - 2026-08-30 12:47:37 [FOLLOW] TRACK: progress=2.70m/37.2m seg=1 cross=1.47m alpha=-165.1° target=(0.01,2.70) R=0.81 LEFT v=1.26 dwell=0.0s
2026-08-30 12:47:37,703 - INFO - 2026-08-30 12:47:37 Turn: LEFT, R: 0.81m, v_L: 0.71 m/s, v_R: 1.80 m/s
2026-08-30 12:47:37,703 - INFO - 2026-08-30 12:47:37 left_actuator_position: 791 (counts) from v_L 0.712 m/s
2026-08-30 12:47:37,703 - INFO - 2026-08-30 12:47:37 right_actuator_position: 420 (counts) from v_R 1.800 m/s
2026-08-30 12:47:37,716 - INFO - Sent actuator positions to RoboClaw → M1 (left): 791, M2 (right): 420 (counts)
2026-08-30 12:47:37,716 - INFO - 2026-08-30 12:47:37 APPLY → left_pos: 791, right_pos: 420 (counts), v_L: 0.71 m/s, v_R: 1.80 m/s
2026-08-30 12:47:37,716 - INFO - 2026-08-30 12:47:37 Path tracking needs correction: heading_ok=False (alpha=165.1deg), distance_ok=False (cross=1.473m)
2026-08-30 12:47:37,908 - INFO - 2026-08-30 12:47:37 [3.4 OBSERVED] current_turn_radius: 1.87m
2026-08-30 12:47:37,908 - INFO - 2026-08-30 12:47:37 [3.4 OBSERVED] turn_direction: LEFT
2026-08-30 12:47:37,908 - INFO - 2026-08-30 12:47:37 [3.4 OBSERVED] estimated left/right wheel speeds: 1.086, 1.586 m/s
2026-08-30 12:47:37,912 - INFO - 2026-08-30 12:47:37 [STATE] Current state: FOLLOWING_PATH
2026-08-30 12:47:37,912 - INFO - 2026-08-30 12:47:37 [FOLLOW] TRACK: progress=2.70m/37.2m seg=1 cross=1.70m alpha=-157.5° target=(0.01,2.70) R=0.87 LEFT v=1.26 dwell=0.0s
2026-08-30 12:47:37,912 - INFO - 2026-08-30 12:47:37 Turn: LEFT, R: 0.87m, v_L: 0.75 m/s, v_R: 1.76 m/s
2026-08-30 12:47:37,912 - INFO - 2026-08-30 12:47:37 left_actuator_position: 763 (counts) from v_L 0.748 m/s
2026-08-30 12:47:37,912 - INFO - 2026-08-30 12:47:37 right_actuator_position: 420 (counts) from v_R 1.764 m/s
2026-08-30 12:47:37,926 - INFO - Sent actuator positions to RoboClaw → M1 (left): 763, M2 (right): 420 (counts)
2026-08-30 12:47:37,926 - INFO - 2026-08-30 12:47:37 APPLY → left_pos: 763, right_pos: 420 (counts), v_L: 0.75 m/s, v_R: 1.76 m/s
2026-08-30 12:47:37,926 - INFO - 2026-08-30 12:47:37 Path tracking needs correction: heading_ok=False (alpha=157.5deg), distance_ok=False (cross=1.702m)
2026-08-30 12:47:38,124 - INFO - 2026-08-30 12:47:38 [3.4 OBSERVED] current_turn_radius: 1.71m
2026-08-30 12:47:38,124 - INFO - 2026-08-30 12:47:38 [3.4 OBSERVED] turn_direction: LEFT
2026-08-30 12:47:38,124 - INFO - 2026-08-30 12:47:38 [3.4 OBSERVED] estimated left/right wheel speeds: 1.150, 1.740 m/s
2026-08-30 12:47:38,126 - INFO - 2026-08-30 12:47:38 [STATE] Current state: FOLLOWING_PATH
2026-08-30 12:47:38,126 - INFO - 2026-08-30 12:47:38 [FOLLOW] TRACK: progress=2.70m/37.2m seg=1 cross=1.99m alpha=-148.2° target=(0.01,2.70) R=0.94 LEFT v=1.26 dwell=0.0s
2026-08-30 12:47:38,126 - INFO - 2026-08-30 12:47:38 Turn: LEFT, R: 0.94m, v_L: 0.79 m/s, v_R: 1.73 m/s
2026-08-30 12:47:38,126 - INFO - 2026-08-30 12:47:38 left_actuator_position: 733 (counts) from v_L 0.787 m/s
2026-08-30 12:47:38,126 - INFO - 2026-08-30 12:47:38 right_actuator_position: 420 (counts) from v_R 1.726 m/s
2026-08-30 12:47:38,139 - INFO - Sent actuator positions to RoboClaw → M1 (left): 733, M2 (right): 420 (counts)
2026-08-30 12:47:38,139 - INFO - 2026-08-30 12:47:38 APPLY → left_pos: 733, right_pos: 420 (counts), v_L: 0.79 m/s, v_R: 1.73 m/s
2026-08-30 12:47:38,139 - INFO - 2026-08-30 12:47:38 Path tracking needs correction: heading_ok=False (alpha=148.2deg), distance_ok=False (cross=1.990m)
2026-08-30 12:47:38,310 - INFO - 2026-08-30 12:47:38 [3.4 OBSERVED] current_turn_radius: 1.42m
2026-08-30 12:47:38,310 - INFO - 2026-08-30 12:47:38 [3.4 OBSERVED] turn_direction: LEFT
2026-08-30 12:47:38,310 - INFO - 2026-08-30 12:47:38 [3.4 OBSERVED] estimated left/right wheel speeds: 0.972, 1.606 m/s
2026-08-30 12:47:38,313 - INFO - 2026-08-30 12:47:38 [STATE] Current state: FOLLOWING_PATH
2026-08-30 12:47:38,313 - INFO - 2026-08-30 12:47:38 [FOLLOW] TRACK: progress=2.70m/37.2m seg=1 cross=2.27m alpha=-140.5° target=(0.01,2.70) R=1.00 LEFT v=1.26 dwell=0.0s
2026-08-30 12:47:38,313 - INFO - 2026-08-30 12:47:38 Turn: LEFT, R: 1.00m, v_L: 0.82 m/s, v_R: 1.70 m/s
2026-08-30 12:47:38,313 - INFO - 2026-08-30 12:47:38 left_actuator_position: 711 (counts) from v_L 0.816 m/s
2026-08-30 12:47:38,313 - INFO - 2026-08-30 12:47:38 right_actuator_position: 420 (counts) from v_R 1.696 m/s
2026-08-30 12:47:38,326 - INFO - Sent actuator positions to RoboClaw → M1 (left): 711, M2 (right): 420 (counts)
2026-08-30 12:47:38,326 - INFO - 2026-08-30 12:47:38 APPLY → left_pos: 711, right_pos: 420 (counts), v_L: 0.82 m/s, v_R: 1.70 m/s
2026-08-30 12:47:38,326 - INFO - 2026-08-30 12:47:38 Path tracking needs correction: heading_ok=False (alpha=140.5deg), distance_ok=False (cross=2.274m)
2026-08-30 12:47:38,507 - INFO - 2026-08-30 12:47:38 [3.4 OBSERVED] current_turn_radius: 1.13m
2026-08-30 12:47:38,508 - INFO - 2026-08-30 12:47:38 [3.4 OBSERVED] turn_direction: LEFT
2026-08-30 12:47:38,508 - INFO - 2026-08-30 12:47:38 [3.4 OBSERVED] estimated left/right wheel speeds: 0.781, 1.483 m/s
2026-08-30 12:47:38,509 - INFO - 2026-08-30 12:47:38 [STATE] Current state: FOLLOWING_PATH
2026-08-30 12:47:38,509 - INFO - 2026-08-30 12:47:38 [FOLLOW] TRACK: progress=2.70m/37.2m seg=1 cross=2.49m alpha=-131.2° target=(0.01,2.70) R=1.04 LEFT v=1.26 dwell=0.0s
2026-08-30 12:47:38,509 - INFO - 2026-08-30 12:47:38 Turn: LEFT, R: 1.04m, v_L: 0.84 m/s, v_R: 1.68 m/s
2026-08-30 12:47:38,509 - INFO - 2026-08-30 12:47:38 left_actuator_position: 696 (counts) from v_L 0.835 m/s
2026-08-30 12:47:38,510 - INFO - 2026-08-30 12:47:38 right_actuator_position: 420 (counts) from v_R 1.677 m/s
2026-08-30 12:47:38,522 - INFO - Sent actuator positions to RoboClaw → M1 (left): 696, M2 (right): 420 (counts)
2026-08-30 12:47:38,522 - INFO - 2026-08-30 12:47:38 APPLY → left_pos: 696, right_pos: 420 (counts), v_L: 0.84 m/s, v_R: 1.68 m/s
2026-08-30 12:47:38,523 - INFO - 2026-08-30 12:47:38 Path tracking needs correction: heading_ok=False (alpha=131.2deg), distance_ok=False (cross=2.494m)
2026-08-30 12:47:38,709 - INFO - 2026-08-30 12:47:38 [3.4 OBSERVED] current_turn_radius: 1.33m
2026-08-30 12:47:38,709 - INFO - 2026-08-30 12:47:38 [3.4 OBSERVED] turn_direction: LEFT
2026-08-30 12:47:38,709 - INFO - 2026-08-30 12:47:38 [3.4 OBSERVED] estimated left/right wheel speeds: 0.987, 1.690 m/s
2026-08-30 12:47:38,712 - INFO - 2026-08-30 12:47:38 [STATE] Current state: FOLLOWING_PATH
2026-08-30 12:47:38,712 - INFO - 2026-08-30 12:47:38 [FOLLOW] TRACK: progress=2.70m/37.2m seg=1 cross=2.72m alpha=-122.0° target=(0.01,2.70) R=1.09 LEFT v=1.26 dwell=0.0s
2026-08-30 12:47:38,712 - INFO - 2026-08-30 12:47:38 Turn: LEFT, R: 1.09m, v_L: 0.85 m/s, v_R: 1.66 m/s
2026-08-30 12:47:38,712 - INFO - 2026-08-30 12:47:38 left_actuator_position: 682 (counts) from v_L 0.853 m/s
2026-08-30 12:47:38,712 - INFO - 2026-08-30 12:47:38 right_actuator_position: 420 (counts) from v_R 1.659 m/s
2026-08-30 12:47:38,728 - INFO - Sent actuator positions to RoboClaw → M1 (left): 682, M2 (right): 420 (counts)
2026-08-30 12:47:38,728 - INFO - 2026-08-30 12:47:38 APPLY → left_pos: 682, right_pos: 420 (counts), v_L: 0.85 m/s, v_R: 1.66 m/s
2026-08-30 12:47:38,728 - INFO - 2026-08-30 12:47:38 Path tracking needs correction: heading_ok=False (alpha=122.0deg), distance_ok=False (cross=2.725m)
2026-08-30 12:47:38,910 - INFO - 2026-08-30 12:47:38 [3.4 OBSERVED] current_turn_radius: 1.75m
2026-08-30 12:47:38,910 - INFO - 2026-08-30 12:47:38 [3.4 OBSERVED] turn_direction: LEFT
2026-08-30 12:47:38,910 - INFO - 2026-08-30 12:47:38 [3.4 OBSERVED] estimated left/right wheel speeds: 1.287, 1.929 m/s
2026-08-30 12:47:38,912 - INFO - 2026-08-30 12:47:38 [STATE] Current state: FOLLOWING_PATH
2026-08-30 12:47:38,912 - INFO - 2026-08-30 12:47:38 [FOLLOW] TRACK: progress=2.70m/37.2m seg=1 cross=2.99m alpha=-114.0° target=(0.01,2.70) R=1.14 LEFT v=1.26 dwell=0.0s
2026-08-30 12:47:38,912 - INFO - 2026-08-30 12:47:38 Turn: LEFT, R: 1.14m, v_L: 0.87 m/s, v_R: 1.64 m/s
2026-08-30 12:47:38,912 - INFO - 2026-08-30 12:47:38 left_actuator_position: 668 (counts) from v_L 0.872 m/s
2026-08-30 12:47:38,912 - INFO - 2026-08-30 12:47:38 right_actuator_position: 420 (counts) from v_R 1.641 m/s
2026-08-30 12:47:38,926 - INFO - Sent actuator positions to RoboClaw → M1 (left): 668, M2 (right): 420 (counts)
2026-08-30 12:47:38,926 - INFO - 2026-08-30 12:47:38 APPLY → left_pos: 668, right_pos: 420 (counts), v_L: 0.87 m/s, v_R: 1.64 m/s
2026-08-30 12:47:38,926 - INFO - 2026-08-30 12:47:38 Path tracking needs correction: heading_ok=False (alpha=114.0deg), distance_ok=False (cross=2.991m)
2026-08-30 12:47:39,117 - INFO - 2026-08-30 12:47:39 [3.4 OBSERVED] current_turn_radius: 2.33m
2026-08-30 12:47:39,118 - INFO - 2026-08-30 12:47:39 [3.4 OBSERVED] turn_direction: LEFT
2026-08-30 12:47:39,118 - INFO - 2026-08-30 12:47:39 [3.4 OBSERVED] estimated left/right wheel speeds: 1.343, 1.817 m/s
2026-08-30 12:47:39,121 - INFO - 2026-08-30 12:47:39 [STATE] Current state: FOLLOWING_PATH
2026-08-30 12:47:39,121 - INFO - 2026-08-30 12:47:39 [FOLLOW] TRACK: progress=2.70m/37.2m seg=1 cross=3.24m alpha=-109.1° target=(0.01,2.70) R=1.19 LEFT v=1.26 dwell=0.0s
2026-08-30 12:47:39,121 - INFO - 2026-08-30 12:47:39 Turn: LEFT, R: 1.19m, v_L: 0.89 m/s, v_R: 1.63 m/s
2026-08-30 12:47:39,121 - INFO - 2026-08-30 12:47:39 left_actuator_position: 657 (counts) from v_L 0.886 m/s
2026-08-30 12:47:39,121 - INFO - 2026-08-30 12:47:39 right_actuator_position: 420 (counts) from v_R 1.627 m/s
2026-08-30 12:47:39,133 - INFO - Sent actuator positions to RoboClaw → M1 (left): 657, M2 (right): 420 (counts)
2026-08-30 12:47:39,133 - INFO - 2026-08-30 12:47:39 APPLY → left_pos: 657, right_pos: 420 (counts), v_L: 0.89 m/s, v_R: 1.63 m/s
2026-08-30 12:47:39,133 - INFO - 2026-08-30 12:47:39 Path tracking needs correction: heading_ok=False (alpha=109.1deg), distance_ok=False (cross=3.239m)
2026-08-30 12:47:39,309 - INFO - 2026-08-30 12:47:39 [3.4 OBSERVED] current_turn_radius: 1.83m
2026-08-30 12:47:39,309 - INFO - 2026-08-30 12:47:39 [3.4 OBSERVED] turn_direction: LEFT
2026-08-30 12:47:39,310 - INFO - 2026-08-30 12:47:39 [3.4 OBSERVED] estimated left/right wheel speeds: 1.176, 1.732 m/s
2026-08-30 12:47:39,312 - INFO - 2026-08-30 12:47:39 [STATE] Current state: FOLLOWING_PATH
2026-08-30 12:47:39,312 - INFO - 2026-08-30 12:47:39 [FOLLOW] TRACK: progress=2.70m/37.2m seg=1 cross=3.43m alpha=-103.7° target=(0.01,2.70) R=1.21 LEFT v=1.26 dwell=0.0s
2026-08-30 12:47:39,312 - INFO - 2026-08-30 12:47:39 Turn: LEFT, R: 1.21m, v_L: 0.89 m/s, v_R: 1.62 m/s
2026-08-30 12:47:39,312 - INFO - 2026-08-30 12:47:39 left_actuator_position: 651 (counts) from v_L 0.894 m/s
2026-08-30 12:47:39,313 - INFO - 2026-08-30 12:47:39 right_actuator_position: 420 (counts) from v_R 1.619 m/s
2026-08-30 12:47:39,325 - INFO - Sent actuator positions to RoboClaw → M1 (left): 651, M2 (right): 420 (counts)
2026-08-30 12:47:39,325 - INFO - 2026-08-30 12:47:39 APPLY → left_pos: 651, right_pos: 420 (counts), v_L: 0.89 m/s, v_R: 1.62 m/s
2026-08-30 12:47:39,325 - INFO - 2026-08-30 12:47:39 Path tracking needs correction: heading_ok=False (alpha=103.7deg), distance_ok=False (cross=3.431m)
2026-08-30 12:47:39,509 - INFO - 2026-08-30 12:47:39 [3.4 OBSERVED] current_turn_radius: 1.28m
2026-08-30 12:47:39,509 - INFO - 2026-08-30 12:47:39 [3.4 OBSERVED] turn_direction: LEFT
2026-08-30 12:47:39,510 - INFO - 2026-08-30 12:47:39 [3.4 OBSERVED] estimated left/right wheel speeds: 0.850, 1.487 m/s
2026-08-30 12:47:39,512 - INFO - 2026-08-30 12:47:39 [STATE] Current state: FOLLOWING_PATH
2026-08-30 12:47:39,512 - INFO - 2026-08-30 12:47:39 [FOLLOW] TRACK: progress=2.70m/37.2m seg=1 cross=3.61m alpha=-96.0° target=(0.01,2.70) R=1.24 LEFT v=1.26 dwell=0.0s
2026-08-30 12:47:39,512 - INFO - 2026-08-30 12:47:39 Turn: LEFT, R: 1.24m, v_L: 0.90 m/s, v_R: 1.61 m/s
2026-08-30 12:47:39,512 - INFO - 2026-08-30 12:47:39 left_actuator_position: 645 (counts) from v_L 0.901 m/s
2026-08-30 12:47:39,512 - INFO - 2026-08-30 12:47:39 right_actuator_position: 420 (counts) from v_R 1.611 m/s
2026-08-30 12:47:39,525 - INFO - Sent actuator positions to RoboClaw → M1 (left): 645, M2 (right): 420 (counts)
2026-08-30 12:47:39,525 - INFO - 2026-08-30 12:47:39 APPLY → left_pos: 645, right_pos: 420 (counts), v_L: 0.90 m/s, v_R: 1.61 m/s
2026-08-30 12:47:39,525 - INFO - 2026-08-30 12:47:39 Path tracking needs correction: heading_ok=False (alpha=96.0deg), distance_ok=False (cross=3.609m)
2026-08-30 12:47:39,709 - INFO - 2026-08-30 12:47:39 [3.4 OBSERVED] current_turn_radius: 1.60m
2026-08-30 12:47:39,709 - INFO - 2026-08-30 12:47:39 [3.4 OBSERVED] turn_direction: LEFT
2026-08-30 12:47:39,709 - INFO - 2026-08-30 12:47:39 [3.4 OBSERVED] estimated left/right wheel speeds: 1.227, 1.916 m/s
2026-08-30 12:47:39,712 - INFO - 2026-08-30 12:47:39 [STATE] Current state: FOLLOWING_PATH
2026-08-30 12:47:39,712 - INFO - 2026-08-30 12:47:39 [FOLLOW] TRACK: progress=2.70m/37.2m seg=1 cross=3.76m alpha=-88.3° target=(0.01,2.70) R=1.25 LEFT v=1.26 dwell=0.0s
2026-08-30 12:47:39,712 - INFO - 2026-08-30 12:47:39 Turn: LEFT, R: 1.25m, v_L: 0.90 m/s, v_R: 1.61 m/s
2026-08-30 12:47:39,712 - INFO - 2026-08-30 12:47:39 left_actuator_position: 643 (counts) from v_L 0.905 m/s
2026-08-30 12:47:39,712 - INFO - 2026-08-30 12:47:39 right_actuator_position: 420 (counts) from v_R 1.608 m/s
2026-08-30 12:47:39,725 - INFO - Sent actuator positions to RoboClaw → M1 (left): 643, M2 (right): 420 (counts)
2026-08-30 12:47:39,725 - INFO - 2026-08-30 12:47:39 APPLY → left_pos: 643, right_pos: 420 (counts), v_L: 0.90 m/s, v_R: 1.61 m/s
2026-08-30 12:47:39,725 - INFO - 2026-08-30 12:47:39 Path tracking needs correction: heading_ok=False (alpha=88.3deg), distance_ok=False (cross=3.758m)
2026-08-30 12:47:39,907 - INFO - 2026-08-30 12:47:39 [3.4 OBSERVED] current_turn_radius: 2.88m
2026-08-30 12:47:39,907 - INFO - 2026-08-30 12:47:39 [3.4 OBSERVED] turn_direction: LEFT
2026-08-30 12:47:39,907 - INFO - 2026-08-30 12:47:39 [3.4 OBSERVED] estimated left/right wheel speeds: 1.299, 1.658 m/s
2026-08-30 12:47:39,911 - INFO - 2026-08-30 12:47:39 [STATE] Current state: FOLLOWING_PATH
2026-08-30 12:47:39,911 - INFO - 2026-08-30 12:47:39 [FOLLOW] TRACK: progress=2.70m/37.2m seg=1 cross=3.89m alpha=-85.6° target=(0.01,2.70) R=1.26 LEFT v=1.26 dwell=0.0s
2026-08-30 12:47:39,911 - INFO - 2026-08-30 12:47:39 Turn: LEFT, R: 1.26m, v_L: 0.91 m/s, v_R: 1.61 m/s
2026-08-30 12:47:39,912 - INFO - 2026-08-30 12:47:39 left_actuator_position: 641 (counts) from v_L 0.907 m/s
2026-08-30 12:47:39,912 - INFO - 2026-08-30 12:47:39 right_actuator_position: 420 (counts) from v_R 1.606 m/s
2026-08-30 12:47:39,924 - INFO - Sent actuator positions to RoboClaw → M1 (left): 641, M2 (right): 420 (counts)
2026-08-30 12:47:39,924 - INFO - 2026-08-30 12:47:39 APPLY → left_pos: 641, right_pos: 420 (counts), v_L: 0.91 m/s, v_R: 1.61 m/s
2026-08-30 12:47:39,924 - INFO - 2026-08-30 12:47:39 Path tracking needs correction: heading_ok=False (alpha=85.6deg), distance_ok=False (cross=3.885m)
2026-08-30 12:47:40,120 - INFO - 2026-08-30 12:47:40 [3.4 OBSERVED] current_turn_radius: 1.56m
2026-08-30 12:47:40,121 - INFO - 2026-08-30 12:47:40 [3.4 OBSERVED] turn_direction: LEFT
2026-08-30 12:47:40,121 - INFO - 2026-08-30 12:47:40 [3.4 OBSERVED] estimated left/right wheel speeds: 1.116, 1.761 m/s
2026-08-30 12:47:40,124 - INFO - 2026-08-30 12:47:40 [STATE] Current state: FOLLOWING_PATH
2026-08-30 12:47:40,124 - INFO - 2026-08-30 12:47:40 [FOLLOW] TRACK: progress=2.70m/37.2m seg=1 cross=4.00m alpha=-77.8° target=(0.01,2.70) R=1.26 LEFT v=1.26 dwell=0.0s
2026-08-30 12:47:40,124 - INFO - 2026-08-30 12:47:40 Turn: LEFT, R: 1.26m, v_L: 0.91 m/s, v_R: 1.61 m/s
2026-08-30 12:47:40,124 - INFO - 2026-08-30 12:47:40 left_actuator_position: 641 (counts) from v_L 0.906 m/s
2026-08-30 12:47:40,124 - INFO - 2026-08-30 12:47:40 right_actuator_position: 420 (counts) from v_R 1.606 m/s
2026-08-30 12:47:40,137 - INFO - Sent actuator positions to RoboClaw → M1 (left): 641, M2 (right): 420 (counts)
2026-08-30 12:47:40,137 - INFO - 2026-08-30 12:47:40 APPLY → left_pos: 641, right_pos: 420 (counts), v_L: 0.91 m/s, v_R: 1.61 m/s
2026-08-30 12:47:40,137 - INFO - 2026-08-30 12:47:40 Path tracking needs correction: heading_ok=False (alpha=77.8deg), distance_ok=False (cross=3.995m)
2026-08-30 12:47:40,301 - INFO - 2026-08-30 12:47:40 [3.4 OBSERVED] current_turn_radius: 2.44m
2026-08-30 12:47:40,301 - INFO - 2026-08-30 12:47:40 [3.4 OBSERVED] turn_direction: LEFT
2026-08-30 12:47:40,302 - INFO - 2026-08-30 12:47:40 [3.4 OBSERVED] estimated left/right wheel speeds: 1.292, 1.726 m/s
2026-08-30 12:47:40,305 - INFO - 2026-08-30 12:47:40 [STATE] Current state: FOLLOWING_PATH
2026-08-30 12:47:40,305 - INFO - 2026-08-30 12:47:40 [FOLLOW] TRACK: progress=2.70m/37.2m seg=1 cross=4.11m alpha=-74.7° target=(0.01,2.70) R=1.26 LEFT v=1.26 dwell=0.0s
2026-08-30 12:47:40,305 - INFO - 2026-08-30 12:47:40 Turn: LEFT, R: 1.26m, v_L: 0.91 m/s, v_R: 1.61 m/s
2026-08-30 12:47:40,305 - INFO - 2026-08-30 12:47:40 left_actuator_position: 641 (counts) from v_L 0.907 m/s
2026-08-30 12:47:40,305 - INFO - 2026-08-30 12:47:40 right_actuator_position: 420 (counts) from v_R 1.606 m/s
2026-08-30 12:47:40,317 - INFO - Sent actuator positions to RoboClaw → M1 (left): 641, M2 (right): 420 (counts)
2026-08-30 12:47:40,317 - INFO - 2026-08-30 12:47:40 APPLY → left_pos: 641, right_pos: 420 (counts), v_L: 0.91 m/s, v_R: 1.61 m/s
2026-08-30 12:47:40,317 - INFO - 2026-08-30 12:47:40 Path tracking needs correction: heading_ok=False (alpha=74.7deg), distance_ok=False (cross=4.110m)
2026-08-30 12:47:40,512 - INFO - 2026-08-30 12:47:40 [3.4 OBSERVED] current_turn_radius: 2.63m
2026-08-30 12:47:40,512 - INFO - 2026-08-30 12:47:40 [3.4 OBSERVED] turn_direction: LEFT
2026-08-30 12:47:40,512 - INFO - 2026-08-30 12:47:40 [3.4 OBSERVED] estimated left/right wheel speeds: 1.366, 1.785 m/s
2026-08-30 12:47:40,515 - INFO - 2026-08-30 12:47:40 [STATE] Current state: FOLLOWING_PATH
2026-08-30 12:47:40,515 - INFO - 2026-08-30 12:47:40 [FOLLOW] TRACK: progress=2.70m/37.2m seg=1 cross=4.16m alpha=-71.0° target=(0.01,2.70) R=1.24 LEFT v=1.26 dwell=0.0s
2026-08-30 12:47:40,515 - INFO - 2026-08-30 12:47:40 Turn: LEFT, R: 1.24m, v_L: 0.90 m/s, v_R: 1.61 m/s
2026-08-30 12:47:40,515 - INFO - 2026-08-30 12:47:40 left_actuator_position: 645 (counts) from v_L 0.901 m/s
2026-08-30 12:47:40,515 - INFO - 2026-08-30 12:47:40 right_actuator_position: 420 (counts) from v_R 1.612 m/s
2026-08-30 12:47:40,528 - INFO - Sent actuator positions to RoboClaw → M1 (left): 645, M2 (right): 420 (counts)
2026-08-30 12:47:40,528 - INFO - 2026-08-30 12:47:40 APPLY → left_pos: 645, right_pos: 420 (counts), v_L: 0.90 m/s, v_R: 1.61 m/s
2026-08-30 12:47:40,528 - INFO - 2026-08-30 12:47:40 Path tracking needs correction: heading_ok=False (alpha=71.0deg), distance_ok=False (cross=4.155m)
2026-08-30 12:47:40,712 - INFO - 2026-08-30 12:47:40 [3.4 OBSERVED] current_turn_radius: 2.93m
2026-08-30 12:47:40,712 - INFO - 2026-08-30 12:47:40 [3.4 OBSERVED] turn_direction: LEFT
2026-08-30 12:47:40,712 - INFO - 2026-08-30 12:47:40 [3.4 OBSERVED] estimated left/right wheel speeds: 1.314, 1.671 m/s
2026-08-30 12:47:40,715 - INFO - 2026-08-30 12:47:40 [STATE] Current state: FOLLOWING_PATH
2026-08-30 12:47:40,715 - INFO - 2026-08-30 12:47:40 [FOLLOW] TRACK: progress=2.70m/37.2m seg=1 cross=4.21m alpha=-68.7° target=(0.01,2.70) R=1.22 LEFT v=1.26 dwell=0.0s
2026-08-30 12:47:40,715 - INFO - 2026-08-30 12:47:40 Turn: LEFT, R: 1.22m, v_L: 0.90 m/s, v_R: 1.62 m/s
2026-08-30 12:47:40,715 - INFO - 2026-08-30 12:47:40 left_actuator_position: 650 (counts) from v_L 0.896 m/s
2026-08-30 12:47:40,715 - INFO - 2026-08-30 12:47:40 right_actuator_position: 420 (counts) from v_R 1.617 m/s
2026-08-30 12:47:40,728 - INFO - Sent actuator positions to RoboClaw → M1 (left): 650, M2 (right): 420 (counts)
2026-08-30 12:47:40,728 - INFO - 2026-08-30 12:47:40 APPLY → left_pos: 650, right_pos: 420 (counts), v_L: 0.90 m/s, v_R: 1.62 m/s
2026-08-30 12:47:40,728 - INFO - 2026-08-30 12:47:40 Path tracking needs correction: heading_ok=False (alpha=68.7deg), distance_ok=False (cross=4.209m)
2026-08-30 12:47:40,912 - INFO - 2026-08-30 12:47:40 [3.4 OBSERVED] current_turn_radius: 2.27m
2026-08-30 12:47:40,912 - INFO - 2026-08-30 12:47:40 [3.4 OBSERVED] turn_direction: LEFT
2026-08-30 12:47:40,913 - INFO - 2026-08-30 12:47:40 [3.4 OBSERVED] estimated left/right wheel speeds: 1.205, 1.644 m/s
2026-08-30 12:47:40,914 - INFO - 2026-08-30 12:47:40 [STATE] Current state: FOLLOWING_PATH
2026-08-30 12:47:40,914 - ERROR - 2026-08-30 12:47:40 [FOLLOW] SAFETY ABORT: no progress for 25 epochs (progress 2.70m, cross-track 4.24m)
2026-08-30 12:47:40,928 - INFO - Actuators commanded to neutral (1100) -- Follower safety abort
2026-08-30 12:47:40,945 - INFO - Actuators commanded to neutral (1100) -- Repeat exit - returning to neutral
2026-08-30 12:47:42,377 - INFO - Shutdown: actuators confirmed at neutral (Repeat exit - returning to neutral)
2026-08-30 12:47:42,377 - INFO - GREEN_LED GPIO cleaned up successfully
